video_id,publish_date,url,original_title,original_description,grade_es,grade_en,topic_es,topic_en,unit_name_es,unit_name_en,emoji
oD04M7jB75s,3/8/2021,https://youtu.be/oD04M7jB75s,ğŸ‘‰ Â¿QuÃ© es la ENTALPÃA? - *con Ejemplo PrÃ¡ctico* - QuÃ­mica 2Âº Bachillerato - [Selectividad 2022],"Supera tu Examen de Selectividad con NOTA ğŸ‘‡

â–ºVÃ­deos de TERMODINÃMICA: https://www.youtube.com/playlist?list=PL4-4wRXS1MimgzS63Z5qZel1rFbBAz-3K

â–ºTemario de 2Âº Bachillerato para SELECTIVIDAD: https://youtube.com/playlist?list=PL4-4wRXS1MimTlhuKGAcqCdxkYcXfcxHl

â˜…Â¿TIENES DUDAS?â˜…
DÃ©jame el ejercicio en los comentarios y harÃ© un vÃ­deo para resolverlo.",2 Bachillerato,Grade 12th,TermodinÃ¡mica,Thermodynamics,EntalpÃ­a,Entalphy,yes
XmANT27gskA,3/9/2021,https://youtu.be/XmANT27gskA,VariaciÃ³n de la ENERGÃA INTERNA - *con Ejercicio* - QuÃ­mica 2Âº Bachillerato - [Selectividad 2022],"Supera tu Examen de Selectividad con NOTA ğŸ‘‡

â–ºVÃ­deos de TERMODINÃMICA: https://www.youtube.com/playlist?list=PL4-4wRXS1MimgzS63Z5qZel1rFbBAz-3K

â–ºTemario de 2Âº Bachillerato para SELECTIVIDAD: https://youtube.com/playlist?list=PL4-4wRXS1MimTlhuKGAcqCdxkYcXfcxHl

â˜…Â¿TIENES DUDAS?â˜…
DÃ©jame el ejercicio en los comentarios y harÃ© un vÃ­deo para resolverlo.",2 Bachillerato,Grade 12th,TermodinÃ¡mica,Thermodynamics,VariaciÃ³n de la energÃ­a interna ,Inner energy variation,no
2ejTm4wHH5Y,3/10/2021,https://youtu.be/2ejTm4wHH5Y,Aprende cÃ³mo calcular la ENTALPÃA de FORMACIÃ“N ğŸ“— - QuÃ­mica 2Âº Bachillerato - [Selectividad 2022],"Supera tu Examen de Selectividad con NOTA ğŸ‘‡

â–ºVÃ­deos de TERMODINÃMICA: https://www.youtube.com/playlist?list=PL4-4wRXS1MimgzS63Z5qZel1rFbBAz-3K

â–ºTemario de 2Âº Bachillerato para SELECTIVIDAD: https://youtube.com/playlist?list=PL4-4wRXS1MimTlhuKGAcqCdxkYcXfcxHl

â˜…Â¿TIENES DUDAS?â˜…
DÃ©jame el ejercicio en los comentarios y harÃ© un vÃ­deo para resolverlo.",2 Bachillerato,Grade 12th,TermodinÃ¡mica,Thermodynamics,EntalpÃ­a de formaciÃ³n,Formation enthalpy,yes
XUYYSUHle00,3/11/2021,https://youtu.be/XUYYSUHle00,ğŸ”—ENTALPÃA de ENLACE - *con Ejercicio Resuelto* - QuÃ­mica 2Âº Bachillerato - [Selectividad 2022],"Supera tu Examen de Selectividad con NOTA ğŸ‘‡

â–ºVÃ­deos de TERMODINÃMICA: https://www.youtube.com/playlist?list=PL4-4wRXS1MimgzS63Z5qZel1rFbBAz-3K

â–ºTemario de 2Âº Bachillerato para SELECTIVIDAD: https://youtube.com/playlist?list=PL4-4wRXS1MimTlhuKGAcqCdxkYcXfcxHl

â˜…Â¿TIENES DUDAS?â˜…
DÃ©jame el ejercicio en los comentarios y harÃ© un vÃ­deo para resolverlo.",2 Bachillerato,Grade 12th,TermodinÃ¡mica,Thermodynamics,EntalpÃ­a de enlace,Bond enthalpy,yes
bSQSDuC3shQ,3/12/2021,https://youtu.be/bSQSDuC3shQ,El CALOR ESPECÃFICO en TermodinÃ¡mica ğŸ”¥ - QuÃ­mica 2Âº Bachillerato - [Selectividad 2022],"Supera tu Examen de Selectividad con NOTA ğŸ‘‡

â–ºVÃ­deos de TERMODINÃMICA: https://www.youtube.com/playlist?list=PL4-4wRXS1MimgzS63Z5qZel1rFbBAz-3K

â–ºTemario de 2Âº Bachillerato para SELECTIVIDAD: https://youtube.com/playlist?list=PL4-4wRXS1MimTlhuKGAcqCdxkYcXfcxHl

â˜…Â¿TIENES DUDAS?â˜…
DÃ©jame el ejercicio en los comentarios y harÃ© un vÃ­deo para resolverlo.",2 Bachillerato,Grade 12th,TermodinÃ¡mica,Thermodynamics,Calor especÃ­fico,Specific heat,yes
rTPwC47p3jo,3/13/2021,https://youtu.be/rTPwC47p3jo,LEY de HESS - *con ExplicaciÃ³n y Ejercicio* - QuÃ­mica 2Âº Bachillerato - [Selectividad 2022],"Supera tu Examen de Selectividad con NOTA ğŸ‘‡

â–ºVÃ­deos de TERMODINÃMICA: https://www.youtube.com/playlist?list=PL4-4wRXS1MimgzS63Z5qZel1rFbBAz-3K

â–ºTemario de 2Âº Bachillerato para SELECTIVIDAD: https://youtube.com/playlist?list=PL4-4wRXS1MimTlhuKGAcqCdxkYcXfcxHl

â˜…Â¿TIENES DUDAS?â˜…
DÃ©jame el ejercicio en los comentarios y harÃ© un vÃ­deo para resolverlo.",2 Bachillerato,Grade 12th,TermodinÃ¡mica,Thermodynamics,Ley de hess ,Hess' law,no
IsH_2SY7sEw,3/14/2021,https://youtu.be/IsH_2SY7sEw,La ENTROPÃA y la EnergÃ­a Libre de GIBBS (I) - QuÃ­mica 2Âº Bachillerato - [Selectividad 2022],"Supera tu Examen de Selectividad con NOTA ğŸ‘‡

â–ºVÃ­deos de TERMODINÃMICA: https://www.youtube.com/playlist?list=PL4-4wRXS1MimgzS63Z5qZel1rFbBAz-3K

â–ºTemario de 2Âº Bachillerato para SELECTIVIDAD: https://youtube.com/playlist?list=PL4-4wRXS1MimTlhuKGAcqCdxkYcXfcxHl

â˜…Â¿TIENES DUDAS?â˜…
DÃ©jame el ejercicio en los comentarios y harÃ© un vÃ­deo para resolverlo.",2 Bachillerato,Grade 12th,TermodinÃ¡mica,Thermodynamics,EntropÃ­a y energÃ­a libre de Gibbs,Entropy and Gibbs energy,no
1azOc4CfzQs,3/15/2021,https://youtu.be/1azOc4CfzQs,La ENTROPÃA y la EnergÃ­a Libre de GIBBS (II) - QuÃ­mica 2Âº Bachillerato - [Selectividad 2022],"Supera tu Examen de Selectividad con NOTA ğŸ‘‡

â–ºVÃ­deos de TERMODINÃMICA: https://www.youtube.com/playlist?list=PL4-4wRXS1MimgzS63Z5qZel1rFbBAz-3K

â–ºTemario de 2Âº Bachillerato para SELECTIVIDAD: https://youtube.com/playlist?list=PL4-4wRXS1MimTlhuKGAcqCdxkYcXfcxHl

â˜…Â¿TIENES DUDAS?â˜…
DÃ©jame el ejercicio en los comentarios y harÃ© un vÃ­deo para resolverlo.",2 Bachillerato,Grade 12th,TermodinÃ¡mica,Thermodynamics,EntropÃ­a y energÃ­a libre de Gibbs,Entropy and Gibbs energy,no
xWuYCOg1mQY,3/16/2021,https://youtu.be/xWuYCOg1mQY,DIAGRAMA de FASES de diÃ³xido de carbono y agua ğŸ“ˆ - QuÃ­mica 2Âº Bachillerato - [Selectividad 2022],"Supera tu Examen de Selectividad con NOTA ğŸ‘‡

â–ºVÃ­deos de TERMODINÃMICA: https://www.youtube.com/playlist?list=PL4-4wRXS1MimgzS63Z5qZel1rFbBAz-3K

â–ºTemario de 2Âº Bachillerato para SELECTIVIDAD: https://youtube.com/playlist?list=PL4-4wRXS1MimTlhuKGAcqCdxkYcXfcxHl

â˜…Â¿TIENES DUDAS?â˜…
DÃ©jame el ejercicio en los comentarios y harÃ© un vÃ­deo para resolverlo.",2 Bachillerato,Grade 12th,TermodinÃ¡mica,Thermodynamics,Diagrama de fases ,Phases diagram,yes
1hdC-uJc9p0,3/17/2021,https://youtu.be/1hdC-uJc9p0,âš›ï¸ TeorÃ­a de COLISIONES y VELOCIDAD de la ReacciÃ³n - QuÃ­mica 2Âº Bachillerato - [Selectividad 2022],"La TEORÃA de las COLISIONES se utiliza para medir la velocidad de una reacciÃ³n. 

Supera tu Examen de Selectividad con NOTA ğŸ‘‡

â–ºVÃ­deos de CINÃ‰TICA: https://www.youtube.com/playlist?list=PL4-4wRXS1MinEch-yDUpryF7UjfOVKL3E

â–ºTemario de 2Âº Bachillerato para SELECTIVIDAD: https://youtube.com/playlist?list=PL4-4wRXS1MimTlhuKGAcqCdxkYcXfcxHl

â˜…Â¿TIENES DUDAS?â˜…
DÃ©jame el ejercicio en los comentarios y harÃ© un vÃ­deo para resolverlo.

Â¡Hasta pronto!",2 Bachillerato,Grade 12th,CinÃ©tica,Kinetic,TeorÃ­a de colisiones y velocidad de la reacciÃ³n ,Collisions theory and speed reaction,yes
vyyi1En0QOA,3/18/2021,https://youtu.be/vyyi1En0QOA,ESTADO de TRANSICIÃ“N y ENERGÃA de ACTIVACIÃ“N - QuÃ­mica 2Âº Bachillerato - [Selectividad 2022],"Aprende los conceptos ESTADO de TRANSICIÃ“N y la ENERGÃA de ACTIVACIÃ“N de cinÃ©tica.

Supera tu Examen de Selectividad con NOTA ğŸ‘‡

â–ºVÃ­deos de CINÃ‰TICA: https://www.youtube.com/playlist?list=PL4-4wRXS1MinEch-yDUpryF7UjfOVKL3E

â–ºTemario de 2Âº Bachillerato para SELECTIVIDAD: https://youtube.com/playlist?list=PL4-4wRXS1MimTlhuKGAcqCdxkYcXfcxHl

â˜…Â¿TIENES DUDAS?â˜…
DÃ©jame el ejercicio en los comentarios y harÃ© un vÃ­deo para resolverlo.

Â¡Hasta pronto!",2 Bachillerato,Grade 12th,CinÃ©tica,Kinetic,Estado de transiciÃ³n y energÃ­a de activaciÃ³n ,Transition state and activation energy,no
vBDX3bljsGw,3/19/2021,https://youtu.be/vBDX3bljsGw,Ã“rdenes PARCIALES y TOTALES de una reacciÃ³n ğŸ§ª - QuÃ­mica 2Âº Bachillerato - [Selectividad 2022],"Ã“RDENES PARCIALES determinan la influencia de los reactivos en la velocidad de reacciÃ³n. 

Supera tu Examen de Selectividad con NOTA ğŸ‘‡

â–ºVÃ­deos de CINÃ‰TICA: https://www.youtube.com/watch?v=1hdC-uJc9p0&list=PL4-4wRXS1MinEch-yDUpryF7UjfOVKL3E

â–ºTemario de 2Âº Bachillerato para SELECTIVIDAD: https://www.youtube.com/playlist?list=PL4-4wRXS1MimTlhuKGAcqCdxkYcXfcxHlâ€‹

â˜…Â¿TIENES DUDAS?â˜…
DÃ©jame el ejercicio en los comentarios y harÃ© un vÃ­deo para resolverlo.

Â¡Hasta pronto!",2 Bachillerato,Grade 12th,Equilibrio,Equilibrium,Ã“rdenes parciales y totales de una reacciÃ³n,Partial and global orders of a reaction,yes
AjDkYLJw8yw,3/20/2021,https://youtu.be/AjDkYLJw8yw,Ã“rdenes PARCIALES - *con Ejercicio PrÃ¡ctico* - QuÃ­mica 2Âº Bachillerato - [Selectividad 2022],"Ejercicio prÃ¡ctico para determinar los Ã“RDENES PARCIALES de una reacciÃ³n quÃ­mica.

Supera tu Examen de Selectividad con NOTA ğŸ‘‡

â–ºVÃ­deos de CINÃ‰TICA: https://www.youtube.com/playlist?list=PL4-4wRXS1MinEch-yDUpryF7UjfOVKL3E

â–ºTemario de 2Âº Bachillerato para SELECTIVIDAD: https://www.youtube.com/playlist?list=PL4-4wRXS1MimTlhuKGAcqCdxkYcXfcxHl

â˜…Â¿TIENES DUDAS?â˜…
DÃ©jame el ejercicio en los comentarios y harÃ© un vÃ­deo para resolverlo.

Â¡Hasta pronto!",2 Bachillerato,Grade 12th,Equilibrio,Equilibrium,Ã“rdenes parciales ,Partial orders,no
Z6fDggp0bvA,3/21/2021,https://youtu.be/Z6fDggp0bvA,ğŸ‘‰La CONSTANTE de CONCENTRACIONES (Kc) - QuÃ­mica 2Âº Bachillerato - [Selectividad 2022],"La CONSTANTE de CONCENTRACIONES (Kc) determina el equilibrio de una reacciÃ³n.

Supera tu Examen de Selectividad con NOTA ğŸ‘‡

â–ºVÃ­deos de EQUILIBRIO QUÃMICO: https://www.youtube.com/playlist?list=PL4-4wRXS1MinkPvQmAtfFy_lPEGgkAZyP

â–ºTemario de 2Âº Bachillerato para SELECTIVIDAD: https://www.youtube.com/playlist?list=PL4-4wRXS1MimTlhuKGAcqCdxkYcXfcxHl

â˜…Â¿TIENES DUDAS?â˜…
DÃ©jame el ejercicio en los comentarios y harÃ© un vÃ­deo para resolverlo.

Â¡Hasta pronto!",2 Bachillerato,Grade 12th,Equilibrio,Equilibrium,Constante de concentraciones (kc) ,Concentrations constant (kc),yes
yLc9gutz8KQ,3/22/2021,https://youtu.be/yLc9gutz8KQ,CONSTANTE de EQUILIBRIO y COEFICIENTE de REACCIÃ“N - QuÃ­mica 2Âº Bachillerato - [Selectividad 2022],"La Qc y Kp nos permiten determinar si un sistema estÃ¡ en EQUILIBRIO quÃ­mico.

Supera tu Examen de Selectividad con NOTA ğŸ‘‡

â–ºVÃ­deos de EQUILIBRIO QUÃMICO: https://www.youtube.com/playlist?list=PL4-4wRXS1MinkPvQmAtfFy_lPEGgkAZyP

â–ºTemario de 2Âº Bachillerato para SELECTIVIDAD: https://www.youtube.com/playlist?list=PL4-4wRXS1MimTlhuKGAcqCdxkYcXfcxHl

â˜…Â¿TIENES DUDAS?â˜…
DÃ©jame el ejercicio en los comentarios y harÃ© un vÃ­deo para resolverlo.

Â¡Hasta pronto!",2 Bachillerato,Grade 12th,Equilibrio,Equilibrium,Constante de equilibrio y coeficiente de reacciÃ³n ,Balance constant and reactionn coefficient,no
kQNBhdw2bJc,3/23/2021,https://youtu.be/kQNBhdw2bJc,Principio de LE CHÃ‚TELIER ğŸ“’ *con Ejercicio Resuelto* - QuÃ­mica 2Âº Bachillerato - [Selectividad 2022],"LE CHÃ‚TELIER preve la evoluciÃ³n del sistema con cambios de temperatura, presiÃ³n y moles.

Supera tu Examen de Selectividad con NOTA ğŸ‘‡

â–ºVÃ­deos de EQUILIBRIO QUÃMICO: https://www.youtube.com/playlist?list=PL4-4wRXS1MinkPvQmAtfFy_lPEGgkAZyP

â–ºTemario de 2Âº Bachillerato para SELECTIVIDAD: https://www.youtube.com/playlist?list=PL4-4wRXS1MimTlhuKGAcqCdxkYcXfcxHl

â˜…Â¿TIENES DUDAS?â˜…
DÃ©jame el ejercicio en los comentarios y harÃ© un vÃ­deo para resolverlo.

Â¡Hasta pronto!",2 Bachillerato,Grade 12th,Equilibrio,Equilibrium,Principio de Le ChÃ¢telier,Le ChÃ¢telier's principle,yes
wCPxpJnQE6Q,3/24/2021,https://youtu.be/wCPxpJnQE6Q,ğŸ§ª TeorÃ­as de ARRHENIUS y BRÃ–NSTED-LOWRY - QuÃ­mica 2Âº Bachillerato - [Selectividad 2022],"A travÃ©s de estas teorÃ­as, podemos comprender la naturaleza de los Ã¡cidos y las bases.

Supera tu Examen de Selectividad con NOTA ğŸ‘‡

â–ºVÃ­deos de ÃCIDO-BASE: https://www.youtube.com/playlist?list=PL4-4wRXS1MiksVyMazk14eAn0fxBFQVWI

â–ºTemario de 2Âº Bachillerato para SELECTIVIDAD: https://www.youtube.com/playlist?list=PL4-4wRXS1MimTlhuKGAcqCdxkYcXfcxHl

â˜…Â¿TIENES DUDAS?â˜…
DÃ©jame el ejercicio en los comentarios y harÃ© un vÃ­deo para resolverlo.",2 Bachillerato,Grade 12th,Ãcido-base,Acid-base,TeorÃ­as de Arrhenius y BrÃ¶nsted-Lowry,Arrhenius and BrÃ¶nsted-Lowry theories,yes
e_WXzMKOUW4,3/25/2021,https://youtu.be/e_WXzMKOUW4,Calcular el pH de una DISOLUCIÃ“N - QuÃ­mica 2Âº Bachillerato - [Selectividad 2022],"Toda disoluciÃ³n tiene un pH y Ã©ste es un concepto clave en el tema de ÃCIDO-BASE.

Supera tu Examen de Selectividad con NOTA ğŸ‘‡

â–ºVÃ­deos de ÃCIDO-BASE: https://www.youtube.com/watch?v=wCPxpJnQE6Q&list=PL4-4wRXS1MiksVyMazk14eAn0fxBFQVWI

â–ºTemario de 2Âº Bachillerato para SELECTIVIDAD: https://www.youtube.com/playlist?list=PL4-4wRXS1MimTlhuKGAcqCdxkYcXfcxHl

â˜…Â¿TIENES DUDAS?â˜…
DÃ©jame el ejercicio en los comentarios y harÃ© un vÃ­deo para resolverlo.",2 Bachillerato,Grade 12th,Ãcido-base,Acid-base,pH de una disoluciÃ³n ,pH of a solution,no
Co7XtwxxLac,3/26/2021,https://youtu.be/Co7XtwxxLac,La CONSTANTE de ACIDEZ (Ka) âš—ï¸ - *con Ejercicio* - QuÃ­mica 2Âº Bachillerato - [Selectividad 2022],"La CONSTANTE de ACIDEZ (Ka) marcarÃ¡ la fuerza que tiene un Ã¡cido en disoluciÃ³n.

Supera tu Examen de Selectividad con NOTA ğŸ‘‡

â–ºVÃ­deos de ÃCIDO-BASE: https://www.youtube.com/watch?v=wCPxpJnQE6Q&list=PL4-4wRXS1MiksVyMazk14eAn0fxBFQVWI

â–ºTemario de 2Âº Bachillerato para SELECTIVIDAD: https://www.youtube.com/playlist?list=PL4-4wRXS1MimTlhuKGAcqCdxkYcXfcxHlâ€‹

â˜…Â¿TIENES DUDAS?â˜…
DÃ©jame el ejercicio en los comentarios y harÃ© un vÃ­deo para resolverlo.",2 Bachillerato,Grade 12th,Ãcido-base,Acid-base,Constante de acidez (ka),Acidity constant (ka),yes
qdQPkeinXdM,3/27/2021,https://youtu.be/qdQPkeinXdM,La CONSTANTE de BASICIDAD - *con Ejercicio PrÃ¡ctico* - QuÃ­mica 2Âº Bachillerato - [Selectividad 2022],"La CONSTANTE de BASICIDAD (Kb) marcarÃ¡ la fuerza que tiene una base en disoluciÃ³n.

Supera tu Examen de Selectividad con NOTA ğŸ‘‡

â–ºVÃ­deos de ÃCIDO-BASE: https://www.youtube.com/watch?v=wCPxpJnQE6Q&list=PL4-4wRXS1MiksVyMazk14eAn0fxBFQVWI

â–ºTemario de 2Âº Bachillerato para SELECTIVIDAD: https://www.youtube.com/playlist?list=PL4-4wRXS1MimTlhuKGAcqCdxkYcXfcxHl

â˜…Â¿TIENES DUDAS?â˜…
DÃ©jame el ejercicio en los comentarios y harÃ© un vÃ­deo para resolverlo.",2 Bachillerato,Grade 12th,Ãcido-base,Acid-base,Constante de basicidad ,Bassicity constant,no
2M7wjqmZVYA,3/28/2021,https://youtu.be/2M7wjqmZVYA,Valoraciones de ÃCIDO-BASE ğŸ“– - *Ejercicio Resuelto* - QuÃ­mica 2Âº Bachillerato - [Selectividad 2022],"La VALORACIÃ“N Ã¡cido-base se utiliza para determinar la concentraciÃ³n de un Ã¡cido.

Supera tu Examen de Selectividad con NOTA ğŸ‘‡

â–ºVÃ­deos de ÃCIDO-BASE: https://www.youtube.com/watch?v=wCPxpJnQE6Q&list=PL4-4wRXS1MiksVyMazk14eAn0fxBFQVWI

â–ºTemario de 2Âº Bachillerato para SELECTIVIDAD: https://www.youtube.com/playlist?list=PL4-4wRXS1MimTlhuKGAcqCdxkYcXfcxHl

â˜…Â¿TIENES DUDAS?â˜…
DÃ©jame el ejercicio en los comentarios y harÃ© un vÃ­deo para resolverlo.",2 Bachillerato,Grade 12th,Ãcido-base,Acid-base,Valoraciones de Ã¡cido,Acid titrations,yes
vH1zCAwpg4M,3/29/2021,https://youtu.be/vH1zCAwpg4M,ğŸ‘‰Ãcidos y Bases CONJUGADAS - *Ejercicio Resuelto* - QuÃ­mica 2Âº Bachillerato - [Selectividad 2022],"Un ÃCIDO o BASE CONJUGADA es el resultado de un Ã¡cido que ha cedido su protÃ³n.

Supera tu Examen de Selectividad con NOTA ğŸ‘‡

â–ºVÃ­deos de ÃCIDO-BASE: https://www.youtube.com/watch?v=wCPxpJnQE6Q&list=PL4-4wRXS1MiksVyMazk14eAn0fxBFQVWI

â–ºTemario de 2Âº Bachillerato para SELECTIVIDAD: https://www.youtube.com/playlist?list=PL4-4wRXS1MimTlhuKGAcqCdxkYcXfcxHl

â˜…Â¿TIENES DUDAS?â˜…
DÃ©jame el ejercicio en los comentarios y harÃ© un vÃ­deo para resolverlo.",2 Bachillerato,Grade 12th,Ãcido-base,Acid-base,Ãcidos y bases conjugadas ,Combined acids and bases,yes
KALUmauz_nU,3/30/2021,https://youtu.be/KALUmauz_nU,Calcular el pH de las SALES - *Ejercicio Resuelto* - QuÃ­mica 2Âº Bachillerato - [Selectividad 2022],"Dependiendo de los iones, las SALES pueden alterar el pH de la disoluciÃ³n. 

Supera tu Examen de Selectividad con NOTA ğŸ‘‡

â–ºVÃ­deos de ÃCIDO-BASE: https://www.youtube.com/watch?v=wCPxpJnQE6Q&list=PL4-4wRXS1MiksVyMazk14eAn0fxBFQVWI

â–ºTemario de 2Âº Bachillerato para SELECTIVIDAD: https://www.youtube.com/playlist?list=PL4-4wRXS1MimTlhuKGAcqCdxkYcXfcxHl

â˜…Â¿TIENES DUDAS?â˜…
DÃ©jame el ejercicio en los comentarios y harÃ© un vÃ­deo para resolverlo.",2 Bachillerato,Grade 12th,Ãcido-base,Acid-base,pH de las sales ,pH of salts,no
FtR1RggbDe8,3/31/2021,https://youtu.be/FtR1RggbDe8,âš›ï¸ La CONSTANTE de SOLUBILIDAD (Kps) - QuÃ­mica 2Âº Bachillerato - [Selectividad 2022],"La CONSTANTE de SOLUBILIDAD (Kps) permite calcular la solubilidad de una sal en el agua.

Supera tu Examen de Selectividad con NOTA ğŸ‘‡

â–ºVÃ­deos de SOLUBILIDAD: https://www.youtube.com/playlist?list=PL4-4wRXS1MikfboTNf_LzPqiUnYWCthIf

â–ºTemario de 2Âº Bachillerato para SELECTIVIDAD: https://www.youtube.com/playlist?list=PL4-4wRXS1MimTlhuKGAcqCdxkYcXfcxHl

â˜…Â¿TIENES DUDAS?â˜…
DÃ©jame el ejercicio en los comentarios y harÃ© un vÃ­deo para resolverlo.",2 Bachillerato,Grade 12th,Solubilidad,Solubility,Constante de solubilidad (kps) ,Solubility constant (kps),yes
tRrS33VHhpU,4/1/2021,https://youtu.be/tRrS33VHhpU,Efecto del ION COMÃšN - QuÃ­mica 2Âº Bachillerato - [Selectividad 2022],"El EFECTO del ION COMÃšN se produce cuando la solubilidad de una sal se ve disminuida. 

Supera tu Examen de Selectividad con NOTA ğŸ‘‡

â–ºVÃ­deos de SOLUBILIDAD: https://www.youtube.com/playlist?list=PL4-4wRXS1MikfboTNf_LzPqiUnYWCthIf

â–ºTemario de 2Âº Bachillerato para SELECTIVIDAD: https://www.youtube.com/playlist?list=PL4-4wRXS1MimTlhuKGAcqCdxkYcXfcxHlâ€‹

â˜…Â¿TIENES DUDAS?â˜…
DÃ©jame el ejercicio en los comentarios y harÃ© un vÃ­deo para resolverlo.",2 Bachillerato,Grade 12th,Solubilidad,Solubility,Efecto del ion comÃºn ,Common ion effect,no
ffwAULja2no,4/2/2021,https://youtu.be/ffwAULja2no,El COEFICIENTE de SOLUBILIDAD (Qps) - QuÃ­mica 2Âº Bachillerato - [Selectividad 2022],"El COEFICIENTE de SOLUBILIDAD se utiliza para saber si se forma un PRECIPITADO o no.

Supera tu Examen de Selectividad con NOTA ğŸ‘‡

â–ºVÃ­deos de SOLUBILIDAD: https://www.youtube.com/playlist?list=PL4-4wRXS1MikfboTNf_LzPqiUnYWCthIfâ€‹

â–ºTemario de 2Âº Bachillerato para SELECTIVIDAD: https://www.youtube.com/playlist?list=PL4-4wRXS1MimTlhuKGAcqCdxkYcXfcxHl

â˜…Â¿TIENES DUDAS?â˜…
DÃ©jame el ejercicio en los comentarios y harÃ© un vÃ­deo para resolverlo.",2 Bachillerato,Grade 12th,Solubilidad,Solubility,Coeficiente de solubilidad (qps) ,Solubility coefficient (qps),no
pjy1Vh2webM,4/3/2021,https://youtu.be/pjy1Vh2webM,REDISOLUCIÃ“N de un Precipitado âš—ï¸ - QuÃ­mica 2Âº Bachillerato - [Selectividad 2022],"Para REDISOLVER un PRECIPITADO podemos reducir la concentraciÃ³n del catiÃ³n o del aniÃ³n.

Supera tu Examen de Selectividad con NOTA ğŸ‘‡

â–ºVÃ­deos de SOLUBILIDAD: https://www.youtube.com/playlist?list=PL4-4wRXS1MikfboTNf_LzPqiUnYWCthIf

â–ºTemario de 2Âº Bachillerato para SELECTIVIDAD: https://www.youtube.com/playlist?list=PL4-4wRXS1MimTlhuKGAcqCdxkYcXfcxHl

â˜…Â¿TIENES DUDAS?â˜…
DÃ©jame el ejercicio en los comentarios y harÃ© un vÃ­deo para resolverlo.",2 Bachillerato,Grade 12th,Solubilidad,Solubility,RedisoluciÃ³n de un precipitado,Resolution of a precipitate,yes
K5f4fL9r2Zo,4/4/2021,https://youtu.be/K5f4fL9r2Zo,La CONCENTRACIÃ“N LÃMITE - *con Ejercicio Resuelto* - QuÃ­mica 2Âº Bachillerato - [Selectividad 2022],"La CONCENTRACIÃ“N LÃMITE es el nivel mÃ¡ximo que puede aceptar un ion en una disoluciÃ³n.

Supera tu Examen de Selectividad con NOTA ğŸ‘‡

â–ºVÃ­deos de SOLUBILIDAD: https://www.youtube.com/playlist?list=PL4-4wRXS1MikfboTNf_LzPqiUnYWCthIf

â–ºTemario de 2Âº Bachillerato para SELECTIVIDAD: https://www.youtube.com/playlist?list=PL4-4wRXS1MimTlhuKGAcqCdxkYcXfcxHlâ€‹

â˜…Â¿TIENES DUDAS?â˜…
DÃ©jame el ejercicio en los comentarios y harÃ© un vÃ­deo para resolverlo.",2 Bachillerato,Grade 12th,Solubilidad,Solubility,ConcentraciÃ³n lÃ­mite ,Limit concentration,no
1XUfJnEKYC8,4/5/2021,https://youtu.be/1XUfJnEKYC8,QuÃ© es una ReacciÃ³n REDOX - QuÃ­mica 2Âº Bachillerato - [Selectividad 2022],"En las reacciones REDOX cambian los estados de oxidaciÃ³n de algunos compuestos.

Supera tu Examen de Selectividad con NOTA ğŸ‘‡

â–ºVÃ­deos de REDOX: https://www.youtube.com/playlist?list=PL4-4wRXS1Mil-4Vv7zI7gUuyNKaEObJzu 

â–ºTemario de 2Âº Bachillerato para SELECTIVIDAD: https://youtube.com/playlist?list=PL4...â€‹

â˜…Â¿TIENES DUDAS?â˜…
DÃ©jame el ejercicio en los comentarios y harÃ© un vÃ­deo para resolverlo.",2 Bachillerato,Grade 12th,ReducciÃ³n y oxidaciÃ³n,Reduction and oxidation,Reacciones redox,Redox reactions,no
KIzpWpFtUbo,4/6/2021,https://youtu.be/KIzpWpFtUbo,ğŸ‘‰MÃ©todo del IÃ“N-ELECTRÃ“N para ajustar Reacciones - QuÃ­mica 2Âº Bachillerato - [Selectividad 2022],"El MÃ‰TODO del ION-ELECTRÃ“N sirve para igualar reacciones REDOX mÃ¡s complejas.

Supera tu Examen de Selectividad con NOTA ğŸ‘‡

â–ºVÃ­deos de REDOX: https://www.youtube.com/playlist?list...â€‹ 

â–ºTemario de 2Âº Bachillerato para SELECTIVIDAD: https://youtube.com/playlist?list=PL4...â€‹

â˜…Â¿TIENES DUDAS?â˜…
DÃ©jame el ejercicio en los comentarios y harÃ© un vÃ­deo para resolverlo.",2 Bachillerato,Grade 12th,ReducciÃ³n y oxidaciÃ³n,Reduction and oxidation,MÃ©todo del iÃ³n-electrÃ³n,ion-electron method,yes
PWSkHW17H_A,4/7/2021,https://youtu.be/PWSkHW17H_A,CÃ³mo funciona la PILA DANIELL - QuÃ­mica 2Âº Bachillerato - [Selectividad 2022],"Mediante la PILA DANIELL se puede aprovechar la energÃ­a elÃ©ctrica de una reacciÃ³n REDOX.

Supera tu Examen de Selectividad con NOTA ğŸ‘‡

â–ºVÃ­deos de REDOX: https://www.youtube.com/playlist?list...â€‹ 

â–ºTemario de 2Âº Bachillerato para SELECTIVIDAD: https://youtube.com/playlist?list=PL4...â€‹

â˜…Â¿TIENES DUDAS?â˜…
DÃ©jame el ejercicio en los comentarios y harÃ© un vÃ­deo para resolverlo.",2 Bachillerato,Grade 12th,ReducciÃ³n y oxidaciÃ³n,Reduction and oxidation,Pila Daniell ,Daniell cell,no
IbxvZXOhpCE,4/8/2021,https://youtu.be/IbxvZXOhpCE,TODO sobre la ELECTRÃ“LISIS - QuÃ­mica 2Âº Bachillerato - [Selectividad 2022],"La ELECTRÃ“LISIS permite realizar una reacciÃ³n REDOX en contra de la ESPONTANEIDAD.

Supera tu Examen de Selectividad con NOTA ğŸ‘‡

â–ºVÃ­deos de REDOX: https://www.youtube.com/playlist?list...â€‹ 

â–ºTemario de 2Âº Bachillerato para SELECTIVIDAD: https://youtube.com/playlist?list=PL4...â€‹

â˜…Â¿TIENES DUDAS?â˜…
DÃ©jame el ejercicio en los comentarios y harÃ© un vÃ­deo para resolverlo.",2 Bachillerato,Grade 12th,ReducciÃ³n y oxidaciÃ³n,Reduction and oxidation,ElectrÃ³lisis ,Electrolysis,no
LcEDF8B7ujs,4/9/2021,https://youtu.be/LcEDF8B7ujs,Las PROPIEDADES PERIÃ“DICAS - *con teorÃ­a* - QuÃ­mica 2Âº Bachillerato - [Selectividad 2022],"Las PROPIEDADES PERIÃ“DICAS tienen una gran influencia en el comportamiento de los ÃTOMOS.

Supera tu Examen de Selectividad con NOTA ğŸ‘‡

â–ºVÃ­deos de PROPIEDADES PERIÃ“DICAS: https://www.youtube.com/playlist?list=PL4-4wRXS1Miny2pI85OtQce4nf7hM3G9z

â–ºTemario de 2Âº Bachillerato para SELECTIVIDAD: https://www.youtube.com/playlist?list=PL4-4wRXS1MimTlhuKGAcqCdxkYcXfcxHl

â˜…Â¿TIENES DUDAS?â˜…
DÃ©jame el ejercicio en los comentarios y harÃ© un vÃ­deo para resolverlo.",2 Bachillerato,Grade 12th,Propiedades periÃ³dicas,Structural determination,Propiedades periÃ³dicas ,Periodic properties,no
fojHrYjXEEc,4/10/2021,https://youtu.be/fojHrYjXEEc,ğŸ§ª La ENERGÃA RETICULAR + ciclo de BORN HABER - QuÃ­mica 2Âº Bachillerato - [Selectividad 2022],"La ENERGÃA RETICULAR expresa la ESTABILIDAD de la red de un compuesto IÃ“NICO.

Supera tu Examen de Selectividad con NOTA ğŸ‘‡

â–ºVÃ­deos de PROPIEDADES PERIÃ“DICAS: https://www.youtube.com/playlist?list=PL4-4wRXS1Miny2pI85OtQce4nf7hM3G9z

â–ºTemario de 2Âº Bachillerato para SELECTIVIDAD: https://www.youtube.com/playlist?list=PL4-4wRXS1MimTlhuKGAcqCdxkYcXfcxHl

â˜…Â¿TIENES DUDAS?â˜…
DÃ©jame el ejercicio en los comentarios y harÃ© un vÃ­deo para resolverlo.",2 Bachillerato,Grade 12th,Propiedades periÃ³dicas,Structural determination,EnergÃ­a reticular y ciclo de born haber ,Reticular energy and Born-Haber cycle,yes
JcQsX7f5k3k,4/11/2021,https://youtu.be/JcQsX7f5k3k,La RADIACIÃ“N ELECTROMAGNÃ‰TICA - *con Ejemplos* - QuÃ­mica 2Âº Bachillerato - [Selectividad 2022],"La RADIACIÃ“N ELECTROMAGNÃ‰TICA es clave en la DETERMINACIÃ“N ESTRUCTURAL.

Supera tu Examen de Selectividad con NOTA ğŸ‘‡

â–ºVÃ­deos de DETERMINACIÃ“N ESTRUCTURAL: 
https://www.youtube.com/playlist?list=PL4-4wRXS1Mimstf_S6ki__9CFGhRExul3

â–ºTemario de 2Âº Bachillerato para SELECTIVIDAD: https://www.youtube.com/playlist?list=PL4-4wRXS1MimTlhuKGAcqCdxkYcXfcxHl

â˜…Â¿TIENES DUDAS?â˜…
DÃ©jame el ejercicio en los comentarios y harÃ© un vÃ­deo para resolverlo.",2 Bachillerato,Grade 12th,DeterminaciÃ³n estructural,Structural determination,RadiaciÃ³n electromagnÃ©tica ,Electromagnetic radiation,no
c8ylwZj_PKU,4/12/2021,https://youtu.be/c8ylwZj_PKU,La ESPECTROSCOPÃA INFRARROJA (IR) - QuÃ­mica 2Âº Bachillerato - [Selectividad 2022],"La ESPECTROSCOPÃA INFRARROJA nos da informaciÃ³n sobre los ENLACES de las MOLÃ‰CULAS.

Supera tu Examen de Selectividad con NOTA ğŸ‘‡

â–ºVÃ­deos de DETERMINACIÃ“N ESTRUCTURAL: 
https://www.youtube.com/playlist?list=PL4-4wRXS1Mimstf_S6ki__9CFGhRExul3

â–ºTemario de 2Âº Bachillerato para SELECTIVIDAD: https://www.youtube.com/playlist?list=PL4-4wRXS1MimTlhuKGAcqCdxkYcXfcxHlâ€‹

â˜…Â¿TIENES DUDAS?â˜…
DÃ©jame el ejercicio en los comentarios y harÃ© un vÃ­deo para resolverlo.",2 Bachillerato,Grade 12th,DeterminaciÃ³n estructural,Structural determination,EspectroscopÃ­a infrarroja,Infrared spectroscopy,no
mlIJLqGqCiU,4/13/2021,https://youtu.be/mlIJLqGqCiU,EspectroscopÃ­a por RESONANCIA MAGNÃ‰TICA NUCLEAR (1H RMN) - QuÃ­mica 2Âº Bachillerato - [Selectividad],"La RESONANCIA MAGNÃ‰TICA NUCLEAR reacciona con los PROTONES de las MOLÃ‰CULAS.

Supera tu Examen de Selectividad con NOTA ğŸ‘‡

â–ºVÃ­deos de DETERMINACIÃ“N ESTRUCTURAL: 
https://www.youtube.com/playlist?list=PL4-4wRXS1Mimstf_S6ki__9CFGhRExul3

â–ºTemario de 2Âº Bachillerato para SELECTIVIDAD: https://www.youtube.com/playlist?list=PL4-4wRXS1MimTlhuKGAcqCdxkYcXfcxHlâ€‹

â˜…Â¿TIENES DUDAS?â˜…
DÃ©jame el ejercicio en los comentarios y harÃ© un vÃ­deo para resolverlo.",2 Bachillerato,Grade 12th,DeterminaciÃ³n estructural,Structural determination,EspectroscopÃ­a por resonancia magnÃ©tica nuclear,NMR spectroscopy,no
XaRsgGR_c7Y,4/14/2021,https://youtu.be/XaRsgGR_c7Y,La ESPECTROMETRÃA de MASAS - QuÃ­mica 2Âº Bachillerato - [Selectividad 2022],"La ESPECTROMETRÃA de MASAS nos ofrece la masa de la MOLÃ‰CULA y de sus fragmentos.

Supera tu Examen de Selectividad con NOTA ğŸ‘‡

â–ºVÃ­deos de DETERMINACIÃ“N ESTRUCTURAL: https://www.youtube.com/playlist?list=PL4-4wRXS1Mimstf_S6ki__9CFGhRExul3

â–ºTemario de 2Âº Bachillerato para SELECTIVIDAD: https://www.youtube.com/playlist?list=PL4-4wRXS1MimTlhuKGAcqCdxkYcXfcxHl

â˜…Â¿TIENES DUDAS?â˜…
DÃ©jame el ejercicio en los comentarios y harÃ© un vÃ­deo para resolverlo.",2 Bachillerato,Grade 12th,DeterminaciÃ³n estructural,Structural determination,EspectrometrÃ­a de masas ,Mass spectrometry,no
Ezz3eD6zl0g,4/15/2021,https://youtu.be/Ezz3eD6zl0g,Las reacciones ORGÃNICAS BÃSICAS - QuÃ­mica 2Âº Bachillerato - [Selectividad 2022],"Las molÃ©culas ORGÃNICAS basan su REACTIVIDAD en los grupos funcionales.

Supera tu Examen de Selectividad con NOTA ğŸ‘‡

â–ºVÃ­deos de QUÃMICA DEL CARBONO: https://www.youtube.com/playlist?list=PL4-4wRXS1MinEXemDn_Jb0hIsMb5U_2DL

â–ºTemario de 2Âº Bachillerato para SELECTIVIDAD: https://youtube.com/playlist?list=PL4-4wRXS1MimTlhuKGAcqCdxkYcXfcxHl

â˜…Â¿TIENES DUDAS?â˜…
DÃ©jame el ejercicio en los comentarios y harÃ© un vÃ­deo para resolverlo.",2 Bachillerato,Grade 12th,QuÃ­mica del carbono,Carbon chemistry,Reacciones orgÃ¡nicas bÃ¡sicas ,Organic basic reactions,no
S1J8N6UKjJw,4/16/2021,https://youtu.be/S1J8N6UKjJw,âš›ï¸ Las Reacciones REDOX ORGÃNICAS - QuÃ­mica 2Âº Bachillerato - [Selectividad 2022],"Las reacciones REDOX tambiÃ©n se producen en QUÃMICA ORGÃNICA.

Supera tu Examen de Selectividad con NOTA ğŸ‘‡

â–ºVÃ­deos de QUÃMICA DEL CARBONO: https://www.youtube.com/playlist?list=PL4-4wRXS1MinEXemDn_Jb0hIsMb5U_2DL

â–ºTemario de 2Âº Bachillerato para SELECTIVIDAD: https://youtube.com/playlist?list=PL4-4wRXS1MimTlhuKGAcqCdxkYcXfcxHl

â˜…Â¿TIENES DUDAS?â˜…
DÃ©jame el ejercicio en los comentarios y harÃ© un vÃ­deo para resolverlo.",2 Bachillerato,Grade 12th,ReducciÃ³n y oxidaciÃ³n,Reduction and oxidation,Reacciones redox orgÃ¡nicas ,Redox organic reactions,yes
g0sruJ3lmFg,4/19/2021,https://youtu.be/g0sruJ3lmFg,ğŸ‘‰Examen Junio 2020 SELECAT - S1 - Ej 1 y 2 - *SOLUBILIDAD y PROPIEDADES PERIÃ“DICAS* - [Selectividad],"Resolvemos ejercicios de SOLUBILIDAD y PROPIEDADES PERIÃ“DICAS de Selecat Junio 2020.

Supera tu Examen de Selectividad con NOTA ğŸ‘‡

â–ºExÃ¡menes de SELECTIVIDAD resueltos: https://www.youtube.com/playlist?list=PL4-4wRXS1Mil2tR4A3crn3jvmSa4tA9UK

â–ºTemario de 2Âº Bachillerato para SELECTIVIDAD: https://youtube.com/playlist?list=PL4-4wRXS1MimTlhuKGAcqCdxkYcXfcxHl

â–ºExÃ¡menes de SELECAT: https://www.selecat.cat/view.php?p=pau_quim20jl

â˜…Â¿TIENES DUDAS?â˜…
DÃ©jame el ejercicio en los comentarios y harÃ© un vÃ­deo para resolverlo.",2 Bachillerato,Grade 12th,ExÃ¡menes,Exams,Examen junio 2020 - Selecat ,June 2020 exam - Selecat,yes
7ktuzeAd7O0,4/22/2021,https://youtu.be/7ktuzeAd7O0,Examen Junio 2020 SELECAT - S1 - Ej 3 y 4 -  *TERMODÃMICA Y ÃCIDO-BASE*,"Resolvemos ejercicios de TERMODINÃMICA y ÃCIDO-BASE de Selecat Junio 2020.

Supera tu Examen de Selectividad con NOTA ğŸ‘‡

â–ºExÃ¡menes de SELECTIVIDAD resueltos: https://www.youtube.com/playlist?list=PL4-4wRXS1Mil2tR4A3crn3jvmSa4tA9UK

â–ºTemario de 2Âº Bachillerato para SELECTIVIDAD: https://youtube.com/playlist?list=PL4-4wRXS1MimTlhuKGAcqCdxkYcXfcxHl

â–ºExÃ¡menes de SELECAT: https://www.selecat.cat/view.php?p=pau_quim20jl

â˜…Â¿TIENES DUDAS?â˜…
DÃ©jame el ejercicio en los comentarios y harÃ© un vÃ­deo para resolverlo.",2 Bachillerato,Grade 12th,ExÃ¡menes,Exams,Examen junio 2020 - Selecat ,June 2020 exam - Selecat,no
IUhOD0elA4o,4/24/2021,https://youtu.be/IUhOD0elA4o,ğŸ“’Examen Junio 2020 SELECAT - S1 - Ej 5 y 6 - *EQUILIBRIO QUÃMICO Y CINÃ‰TICA*,"Resolvemos ejercicios de EQUILIBRIO QUÃMICO y CINÃ‰TICA de Selecat Junio 2020.

Supera tu Examen de Selectividad con NOTA ğŸ‘‡

â–ºExÃ¡menes de SELECTIVIDAD resueltos: https://www.youtube.com/playlist?list=PL4-4wRXS1Mil2tR4A3crn3jvmSa4tA9UK

â–ºTemario de 2Âº Bachillerato para SELECTIVIDAD: https://www.youtube.com/playlist?list=PL4-4wRXS1MimTlhuKGAcqCdxkYcXfcxHlâ€‹

â–ºExÃ¡menes de SELECAT: https://www.selecat.cat/view.php?p=pau_quim20jl

â˜…Â¿TIENES DUDAS?â˜…
DÃ©jame el ejercicio en los comentarios y harÃ© un vÃ­deo para resolverlo.",2 Bachillerato,Grade 12th,ExÃ¡menes,Exams,Examen junio 2020 - Selecat ,June 2020 exam - Selecat,yes
h3b6jrQ_nRM,4/25/2021,https://youtu.be/h3b6jrQ_nRM,Examen Junio 2020 SELECAT - S1 - Ej 7 - *REACCIONES REDOX*,"Resolvemos un ejercicio de REACCIONES REDOX de Selecat Junio 2020.

Supera tu Examen de Selectividad con NOTA ğŸ‘‡

â–ºExÃ¡menes de SELECTIVIDAD resueltos: https://www.youtube.com/playlist?list=PL4-4wRXS1Mil2tR4A3crn3jvmSa4tA9UK

â–ºTemario de 2Âº Bachillerato para SELECTIVIDAD: https://www.youtube.com/playlist?list=PL4-4wRXS1MimTlhuKGAcqCdxkYcXfcxHl

â–ºExÃ¡menes de SELECAT: https://www.selecat.cat/view.php?p=pau_quim20jlâ€‹

â˜…Â¿TIENES DUDAS?â˜…
DÃ©jame el ejercicio en los comentarios y harÃ© un vÃ­deo para resolverlo.",2 Bachillerato,Grade 12th,ExÃ¡menes,Exams,Examen junio 2020 - Selecat ,June 2020 exam - Selecat,no
PPLdl7mIMcQ,4/26/2021,https://youtu.be/PPLdl7mIMcQ,Examen Junio 2020 SELECAT âš›ï¸ - S3 - Ej 1 y 2 - *ÃCIDO-BASE y DETERMINACIÃ“N ESTRUCTURAL*,"Resolvemos un ejercicio de ÃCIDO-BASE y uno de espectro IR de Selecat Junio 2020.

Supera tu Examen de Selectividad con NOTA ğŸ‘‡

â–ºExÃ¡menes de SELECTIVIDAD resueltos: https://www.youtube.com/playlist?list=PL4-4wRXS1Mil2tR4A3crn3jvmSa4tA9UK

â–ºTemario de 2Âº Bachillerato para SELECTIVIDAD: https://www.youtube.com/playlist?list=PL4-4wRXS1MimTlhuKGAcqCdxkYcXfcxHl

â–ºExÃ¡menes de SELECAT: https://www.selecat.cat/view.php?p=pau_quim20jl

â˜…Â¿TIENES DUDAS?â˜…
DÃ©jame el ejercicio en los comentarios y harÃ© un vÃ­deo para resolverlo.",2 Bachillerato,Grade 12th,ExÃ¡menes,Exams,Examen junio 2020 - Selecat ,June 2020 exam - Selecat,yes
k0UZwGPugNc,4/27/2021,https://youtu.be/k0UZwGPugNc,Â¿QuÃ© es la LEY de GRAHAM? - *con Ejemplo PrÃ¡ctico* - QuÃ­mica ESO y 1Âº Bachillerato,"La LEY de GRAHAM afecta a la difusiÃ³n de dos gases de MASA MOLAR diferente.

Supera tus ExÃ¡menes de QuÃ­mica con NOTA ğŸ‘‡

â–ºTemario de GASES IDEALES: https://www.youtube.com/playlist?list=PL4-4wRXS1MinpLHXgRCiwGGlOgC3pXRHkâ€‹

â–ºTemario de ESO y 1Âº Bachillerato: https://www.youtube.com/playlist?list=PL4-4wRXS1Mil4byLKh2WN6xnx8v8jZ_Ur

â˜…Â¿TIENES DUDAS?â˜…
DÃ©jame el ejercicio en los comentarios y harÃ© un vÃ­deo para resolverlo.",ESO/1 Bachillerato,Grade 7th-11th,Gases ideales,Ideal gases,Ley de Graham,Graham's law,no
pPYKsN1g49c,4/28/2021,https://youtu.be/pPYKsN1g49c,Examen Junio 2020 SELECAT - S3 - Ej 3 y 4 - *EQUILIBRIO QUÃMICO y ÃCIDO-BASE*,"Resolvemos ejercicios de EQUILIBRIO QUÃMICO y ÃCIDO-BASE de Selecat Junio 2020.

Supera tu Examen de Selectividad con NOTA ğŸ‘‡

â–ºExÃ¡menes de SELECTIVIDAD resueltos: https://www.youtube.com/playlist?list=PL4-4wRXS1Mil2tR4A3crn3jvmSa4tA9UK

â–ºTemario de 2Âº Bachillerato para SELECTIVIDAD: https://www.youtube.com/playlist?list=PL4-4wRXS1MimTlhuKGAcqCdxkYcXfcxHlâ€‹

â–ºExÃ¡menes de SELECAT: https://www.selecat.cat/view.php?p=pau_quim20jl

â˜…Â¿TIENES DUDAS?â˜…
DÃ©jame el ejercicio en los comentarios y harÃ© un vÃ­deo para resolverlo.",2 Bachillerato,Grade 12th,ExÃ¡menes,Exams,Examen junio 2020 - Selecat ,June 2020 exam - Selecat,no
ZZM59xtHBXM,4/29/2021,https://youtu.be/ZZM59xtHBXM,ğŸ‘‰Examen Junio 2020 SELECAT - S3 - Ej 5 y 6 - *TERMODINÃMICA y CINÃ‰TICA *,"Resolvemos ejercicios de TERMODINÃMICA y CINÃ‰TICA de Selecat Junio 2020.

Supera tu Examen de Selectividad con NOTA ğŸ‘‡

â–ºExÃ¡menes de SELECTIVIDAD resueltos: https://www.youtube.com/playlist?list=PL4-4wRXS1Mil2tR4A3crn3jvmSa4tA9UK

â–ºTemario de 2Âº Bachillerato para SELECTIVIDAD: https://www.youtube.com/playlist?list=PL4-4wRXS1MimTlhuKGAcqCdxkYcXfcxHl

â–ºExÃ¡menes de SELECAT: https://www.selecat.cat/view.php?p=pau_quim20jl

â˜…Â¿TIENES DUDAS?â˜…
DÃ©jame el ejercicio en los comentarios y harÃ© un vÃ­deo para resolverlo.",2 Bachillerato,Grade 12th,ExÃ¡menes,Exams,Examen junio 2020 - Selecat ,June 2020 exam - Selecat,yes
7lqwa6dGcuo,5/2/2021,https://youtu.be/7lqwa6dGcuo,Examen Junio 2020 SELECAT - S3 - Ej 7 - *REACCIONES REDOX*,"En este vÃ­deo resolvemos un ejercicio de REACCIONES REDOX de Selecat Junio 2020.

Supera tu Examen de Selectividad con NOTA ğŸ‘‡

â–ºExÃ¡menes de SELECTIVIDAD resueltos: https://www.youtube.com/playlist?list=PL4-4wRXS1Mil2tR4A3crn3jvmSa4tA9UK

â–ºTemario de 2Âº Bachillerato para SELECTIVIDAD: https://www.youtube.com/playlist?list=PL4-4wRXS1MimTlhuKGAcqCdxkYcXfcxHl

â–ºExÃ¡menes de SELECAT: https://www.selecat.cat/view.php?p=pau_quim20jl

â˜…Â¿TIENES DUDAS?â˜…
DÃ©jame el ejercicio en los comentarios y harÃ© un vÃ­deo para resolverlo.",2 Bachillerato,Grade 12th,ExÃ¡menes,Exams,Examen junio 2020 - Selecat ,June 2020 exam - Selecat,no
X-r2R7SaMpo,5/3/2021,https://youtu.be/X-r2R7SaMpo,Examen Septiembre 2020 SELECAT ğŸ“’ - S4 - Ej 1 y 2 - *PROPIEDADES PERIÃ“DICAS y REDOX*,"En este vÃ­deo resolvemos ejercicios de PROP PERIÃ“DICAS y REDOX de Selecat Sept 2020.

Supera tu Examen de Selectividad con NOTA ğŸ‘‡

â–ºExÃ¡menes de SELECTIVIDAD resueltos: https://www.youtube.com/playlist?list=PL4-4wRXS1Mil2tR4A3crn3jvmSa4tA9UK

â–ºTemario de 2Âº Bachillerato para SELECTIVIDAD: https://www.youtube.com/playlist?list=PL4-4wRXS1MimTlhuKGAcqCdxkYcXfcxHl

â–ºExÃ¡menes de SELECAT: https://www.selecat.cat/view.php?p=pau_quim20sl

â˜…Â¿TIENES DUDAS?â˜…
DÃ©jame el ejercicio en los comentarios y harÃ© un vÃ­deo para resolverlo.",2 Bachillerato,Grade 12th,ExÃ¡menes,Exams,Examen septiembre 2020 - Selecat ,September 2020 exam - Selecat,yes
4podMOggZhE,5/4/2021,https://youtu.be/4podMOggZhE,Examen Septiembre 2020 SELECAT - S4 - Ej 3 y 4 - *ÃCIDO-BASE y SOLUBILIDAD*,"En este vÃ­deo resolvemos ejercicios de ÃCIDO-BASE y SOLUBILIDAD de Selecat Sept 2020.

Supera tu Examen de Selectividad con NOTA ğŸ‘‡

â–ºExÃ¡menes de SELECTIVIDAD resueltos: https://www.youtube.com/playlist?list=PL4-4wRXS1Mil2tR4A3crn3jvmSa4tA9UK

â–ºTemario de 2Âº Bachillerato para SELECTIVIDAD: https://www.youtube.com/playlist?list=PL4-4wRXS1MimTlhuKGAcqCdxkYcXfcxHl

â–ºExÃ¡menes de SELECAT: https://www.selecat.cat/view.php?p=pau_quim20sl

â˜…Â¿TIENES DUDAS?â˜…
DÃ©jame el ejercicio en los comentarios y harÃ© un vÃ­deo para resolverlo.",2 Bachillerato,Grade 12th,ExÃ¡menes,Exams,Examen septiembre 2020 - Selecat ,September 2020 exam - Selecat,no
4lbHgPlJ6ow,5/6/2021,https://youtu.be/4lbHgPlJ6ow,ğŸ§ªExamen Septiembre 2020 SELECAT - S4 - Ej 5 y 6 - *EQUILIBRIO QUÃMICO y CINÃ‰TICA*,"En este vÃ­deo resolvemos ejercicios de EQUILIBRIO QUÃMICO y CINÃ‰TICA de Selecat Sept 2020.

Supera tu Examen de Selectividad con NOTA ğŸ‘‡

â–ºExÃ¡menes de SELECTIVIDAD resueltos: https://www.youtube.com/playlist?list=PL4-4wRXS1Mil2tR4A3crn3jvmSa4tA9UK

â–ºTemario de 2Âº Bachillerato para SELECTIVIDAD: https://www.youtube.com/playlist?list=PL4-4wRXS1MimTlhuKGAcqCdxkYcXfcxHl

â–ºExÃ¡menes de SELECAT: https://www.selecat.cat/view.php?p=pau_quim20sl

â˜…Â¿TIENES DUDAS?â˜…
DÃ©jame el ejercicio en los comentarios y harÃ© un vÃ­deo para resolverlo.",2 Bachillerato,Grade 12th,ExÃ¡menes,Exams,Examen septiembre 2020 - Selecat ,September 2020 exam - Selecat,yes
zNMEiJ8LD9E,5/9/2021,https://youtu.be/zNMEiJ8LD9E,Examen Septiembre 2020 SELECAT - S4 - Ej 7 - *REACCIONES REDOX*,"En este vÃ­deo resolvemos un ejercicio de REACCIONES REDOX de Selecat Sept 2020.

Supera tu Examen de Selectividad con NOTA ğŸ‘‡

â–ºExÃ¡menes de SELECTIVIDAD resueltos: https://www.youtube.com/playlist?list=PL4-4wRXS1Mil2tR4A3crn3jvmSa4tA9UK

â–ºTemario de 2Âº Bachillerato para SELECTIVIDAD: https://www.youtube.com/playlist?list=PL4-4wRXS1MimTlhuKGAcqCdxkYcXfcxHl

â–ºExÃ¡menes de SELECAT: https://www.selecat.cat/view.php?p=pau_quim20sl

â˜…Â¿TIENES DUDAS?â˜…
DÃ©jame el ejercicio en los comentarios y harÃ© un vÃ­deo para resolverlo.",2 Bachillerato,Grade 12th,ExÃ¡menes,Exams,Examen septiembre 2020 - Selecat ,September 2020 exam - Selecat,no
FEH1Hf648lM,5/10/2021,https://youtu.be/FEH1Hf648lM,ğŸ‘‰Examen Julio 2020 SELEMADRID - A1A2 - *PROPIEDADES PERIÃ“DICAS y ÃCIDO-BASE*,"Hoy resolvemos ejercicios de PROP PERIÃ“DICAS Y ÃCIDO-BASE de SeleMadrid Julio 2020.

Supera tu Examen de Selectividad con NOTA ğŸ‘‡

â–ºExÃ¡menes de SELECTIVIDAD resueltos: https://www.youtube.com/playlist?list=PL4-4wRXS1MiloBSVQKfSrx_ELYt5ldRJ0

â–ºTemario de 2Âº Bachillerato para SELECTIVIDAD: https://www.youtube.com/playlist?list=PL4-4wRXS1MimTlhuKGAcqCdxkYcXfcxHl

â–ºExÃ¡menes de SeleMadrid: http://www.spaindata.com/quimica/madrid/index.html

â˜…Â¿TIENES DUDAS?â˜…
DÃ©jame el ejercicio en los comentarios y harÃ© un vÃ­deo para resolverlo.",2 Bachillerato,Grade 12th,ExÃ¡menes,Exams,Examen junio 2020 - Selemadrid,June 2020 exam - Selemadrid,yes
VOeGcJwwRcQ,5/11/2021,https://youtu.be/VOeGcJwwRcQ,Examen Julio 2020 SELEMADRID - A3A4 - *QUÃMICA del CARBONO y EQUILIBRIO QUÃMICO*,"Hoy resolvemos ejercicios de QUÃMICA del CARBONO y EQUILIBRIO de SeleMadrid Julio 2020.

Supera tu Examen de Selectividad con NOTA ğŸ‘‡

â–ºExÃ¡menes de SELECTIVIDAD resueltos: https://www.youtube.com/playlist?list=PL4-4wRXS1MiloBSVQKfSrx_ELYt5ldRJ0

â–ºTemario de 2Âº Bachillerato para SELECTIVIDAD: https://www.youtube.com/playlist?list=PL4-4wRXS1MimTlhuKGAcqCdxkYcXfcxHl

â–ºExÃ¡menes de SeleMadrid: http://www.spaindata.com/quimica/madrid/index.html

â˜…Â¿TIENES DUDAS?â˜…
DÃ©jame el ejercicio en los comentarios y harÃ© un vÃ­deo para resolverlo.",2 Bachillerato,Grade 12th,ExÃ¡menes,Exams,Examen junio 2020 - Selemadrid,June 2020 exam - Selemadrid,no
EU5S2DCaVaA,5/13/2021,https://youtu.be/EU5S2DCaVaA,ğŸ“—Examen Julio 2020 SELEMADRID - A5B1 - *REDOX y ESTRUCTURA de LEWIS*,"Hoy resolvemos ejercicios de REDOX y ESTRUCTURA de LEWIS de SeleMadrid Julio 2020.

Supera tu Examen de Selectividad con NOTA ğŸ‘‡

â–ºExÃ¡menes de SELECTIVIDAD resueltos: https://www.youtube.com/playlist?list=PL4-4wRXS1MiloBSVQKfSrx_ELYt5ldRJ0

â–ºTemario de 2Âº Bachillerato para SELECTIVIDAD: https://www.youtube.com/playlist?list=PL4-4wRXS1MimTlhuKGAcqCdxkYcXfcxHl

â–ºExÃ¡menes de SeleMadrid: http://www.spaindata.com/quimica/madrid/index.html

â˜…Â¿TIENES DUDAS?â˜…
DÃ©jame el ejercicio en los comentarios y harÃ© un vÃ­deo para resolverlo.",2 Bachillerato,Grade 12th,ExÃ¡menes,Exams,Examen junio 2020 - Selemadrid,June 2020 exam - Selemadrid,yes
jHUE2EtISQk,5/15/2021,https://youtu.be/jHUE2EtISQk,Examen Julio 2020 SELEMADRID - B2B3 - *QUÃMICA del CARBONO  y SOLUBILIDAD*,"Hoy resolvemos ejercicios de QUÃMICA del CARBONO y SOLUBILIDAD de SeleMadrid Julio 2020.

Supera tu Examen de Selectividad con NOTA ğŸ‘‡

â–ºExÃ¡menes de SELECTIVIDAD resueltos: https://www.youtube.com/playlist?list=PL4-4wRXS1MiloBSVQKfSrx_ELYt5ldRJ0

â–ºTemario de 2Âº Bachillerato para SELECTIVIDAD: https://www.youtube.com/playlist?list=PL4-4wRXS1MimTlhuKGAcqCdxkYcXfcxHl

â–ºExÃ¡menes de SeleMadrid: http://www.spaindata.com/quimica/madrid/index.html

â˜…Â¿TIENES DUDAS?â˜…
DÃ©jame el ejercicio en los comentarios y harÃ© un vÃ­deo para resolverlo.",2 Bachillerato,Grade 12th,ExÃ¡menes,Exams,Examen junio 2020 - Selemadrid,June 2020 exam - Selemadrid,no
HysKO5gRp1s,5/16/2021,https://youtu.be/HysKO5gRp1s,Examen Julio 2020 SELEMADRID ğŸ§ª- B4B5 - *REDOX y ÃCIDO-BASE*,"Hoy resolvemos ejercicios de REDOX y ÃCIDO-BASE de SeleMadrid Julio 2020.

Supera tu Examen de Selectividad con NOTA ğŸ‘‡

â–ºExÃ¡menes de SELECTIVIDAD resueltos: https://www.youtube.com/playlist?list=PL4-4wRXS1MiloBSVQKfSrx_ELYt5ldRJ0

â–ºTemario de 2Âº Bachillerato para SELECTIVIDAD: https://www.youtube.com/playlist?list=PL4-4wRXS1MimTlhuKGAcqCdxkYcXfcxHl

â–ºExÃ¡menes de SeleMadrid: http://www.spaindata.com/quimica/madrid/index.html

â˜…Â¿TIENES DUDAS?â˜…
DÃ©jame el ejercicio en los comentarios y harÃ© un vÃ­deo para resolverlo.",2 Bachillerato,Grade 12th,ExÃ¡menes,Exams,Examen junio 2020 - Selemadrid,June 2020 exam - Selemadrid,yes
TOP-GMW8sVk,5/17/2021,https://youtu.be/TOP-GMW8sVk,Examen Septiembre 2020 SELEMADRID - A1A2 -  *PROPIEDADES PERIÃ“DICAS y ÃCIDO-BASE*,"Hoy resolvemos ejercicios de PROP PERIÃ“DICAS y ÃCIDO-BASE de SeleMadrid Julio 2020.

Supera tu Examen de Selectividad con NOTA ğŸ‘‡

â–ºExÃ¡menes de SELECTIVIDAD resueltos: https://www.youtube.com/playlist?list=PL4-4wRXS1MiloBSVQKfSrx_ELYt5ldRJ0

â–ºTemario de 2Âº Bachillerato para SELECTIVIDAD: https://www.youtube.com/playlist?list=PL4-4wRXS1MimTlhuKGAcqCdxkYcXfcxHl

â–ºExÃ¡menes de SeleMadrid: http://www.spaindata.com/quimica/madrid/index.html

â˜…Â¿TIENES DUDAS?â˜…
DÃ©jame el ejercicio en los comentarios y harÃ© un vÃ­deo para resolverlo.",2 Bachillerato,Grade 12th,ExÃ¡menes,Exams,Examen septiembre 2020 - Selemadrid ,September 2020 exam - Selemadrid,no
8DGFc7Lo1qk,5/18/2021,https://youtu.be/8DGFc7Lo1qk,âš—ï¸Examen Septiembre 2020 SELEMADRID - A3A4 -  *SOLUBILIDAD y REDOX*,"Hoy resolvemos ejercicios de SOLUBILIDAD y REDOX de SeleMadrid Sept 2020.

Supera tu Examen de Selectividad con NOTA ğŸ‘‡

â–ºExÃ¡menes de SELECTIVIDAD resueltos: https://www.youtube.com/playlist?list=PL4-4wRXS1MiloBSVQKfSrx_ELYt5ldRJ0

â–ºTemario de 2Âº Bachillerato para SELECTIVIDAD: https://www.youtube.com/playlist?list=PL4-4wRXS1MimTlhuKGAcqCdxkYcXfcxHl

â–ºExÃ¡menes de SeleMadrid: http://www.spaindata.com/quimica/madrid/index.html

â˜…Â¿TIENES DUDAS?â˜…
DÃ©jame el ejercicio en los comentarios y harÃ© un vÃ­deo para resolverlo.",2 Bachillerato,Grade 12th,ExÃ¡menes,Exams,Examen septiembre 2020 - Selemadrid ,September 2020 exam - Selemadrid,yes
H_BFLyBoD_c,5/20/2021,https://youtu.be/H_BFLyBoD_c,ğŸ‘‰ ANIONES monoatÃ³micos y oxoaniones - *paso a paso* - FormulaciÃ³n INORGÃNICA - [ESO/Bachillerato],"Aprende cÃ³mo formular los ANIONES monoatÃ³micos y OXOANIONES. 

Supera tus ExÃ¡menes de QuÃ­mica con NOTA ğŸ‘‡

â–ºTemario de FORMULACIÃ“N INORGÃNICA: https://www.youtube.com/playlist?list=PL4-4wRXS1Mim5QKR6YN365O3y0_1RuMLt

â–ºTemario de ESO y 1Âº Bachillerato: https://www.youtube.com/playlist?list=PL4-4wRXS1Mil4byLKh2WN6xnx8v8jZ_Ur

â˜…Â¿TIENES DUDAS?â˜…
DÃ©jame el ejercicio en los comentarios y harÃ© un vÃ­deo para resolverlo.",ESO/1 Bachillerato,Grade 7th-11th,FormulaciÃ³n inorgÃ¡nica,Inorganic formulation,Aniones monoatÃ³micos y oxoaniones ,Monoatomic anions and oxoanions,yes
MfYLNvVjqCc,5/23/2021,https://youtu.be/MfYLNvVjqCc,Nomenclatura SISTEMÃTICA y de Stock -  *ÃCIDOS* - FormulaciÃ³n INORGÃNICA - [ESO/Bachillerato],"Â¿CuÃ¡ndo debes usar la nomenclatura SISTEMÃTICA o la de STOCK? 

Supera tus ExÃ¡menes de QuÃ­mica con NOTA ğŸ‘‡

â–ºTemario de FORMULACIÃ“N INORGÃNICA: https://www.youtube.com/playlist?list=PL4-4wRXS1Mim5QKR6YN365O3y0_1RuMLt

â–ºTemario de ESO y 1Âº Bachillerato: https://www.youtube.com/playlist?list=PL4-4wRXS1Mil4byLKh2WN6xnx8v8jZ_Ur

â˜…Â¿TIENES DUDAS?â˜…
DÃ©jame el ejercicio en los comentarios y harÃ© un vÃ­deo para resolverlo.",ESO/1 Bachillerato,Grade 7th-11th,FormulaciÃ³n inorgÃ¡nica,Inorganic formulation,Nomenclatura sistemÃ¡tica y de stock ,Sistematic and Stock nomenclature,no
JETtmJtLu8M,5/24/2021,https://youtu.be/JETtmJtLu8M,CATIONES y ANIONES especiales ğŸ§ª - *paso a paso* - FormulaciÃ³n INORGÃNICA - [ESO/Bachillerato],"Aprende quÃ© CATIONES y ANIONES son especiales y por quÃ©. 

Supera tus ExÃ¡menes de QuÃ­mica con NOTA ğŸ‘‡

â–ºTemario de FORMULACIÃ“N INORGÃNICA: https://www.youtube.com/playlist?list=PL4-4wRXS1Mim5QKR6YN365O3y0_1RuMLt

â–ºTemario de ESO y 1Âº Bachillerato: https://www.youtube.com/playlist?list=PL4-4wRXS1Mil4byLKh2WN6xnx8v8jZ_Ur

â˜…Â¿TIENES DUDAS?â˜…
DÃ©jame el ejercicio en los comentarios y harÃ© un vÃ­deo para resolverlo.",ESO/1 Bachillerato,Grade 7th-11th,FormulaciÃ³n inorgÃ¡nica,Inorganic formulation,Cationes y aniones especiales,Special cations and anions,yes
7M-mu04Qv3A,5/25/2021,https://youtu.be/7M-mu04Qv3A,OXOANIONES Orto y Meta - *paso a paso* - FormulaciÃ³n INORGÃNICA - [ESO/Bachillerato],"CÃ³mo formular los OXOANIONES ORTO y META. 

Supera tus ExÃ¡menes de QuÃ­mica con NOTA ğŸ‘‡

â–ºTemario de FORMULACIÃ“N INORGÃNICA: https://www.youtube.com/playlist?list=PL4-4wRXS1Mim5QKR6YN365O3y0_1RuMLt

â–ºTemario de ESO y 1Âº Bachillerato: https://www.youtube.com/playlist?list=PL4-4wRXS1Mil4byLKh2WN6xnx8v8jZ_Ur

â˜…Â¿TIENES DUDAS?â˜…
DÃ©jame el ejercicio en los comentarios y harÃ© un vÃ­deo para resolverlo.",ESO/1 Bachillerato,Grade 7th-11th,FormulaciÃ³n inorgÃ¡nica,Inorganic formulation,Oxoaniones orto y meta ,Ortho and meta oxoanions,no
GoQ9zskHmEI,5/27/2021,https://youtu.be/GoQ9zskHmEI,DI/TRI oxoaniones ğŸ“’ - *paso a paso* - FormulaciÃ³n INORGÃNICA - [ESO/Bachillerato],"Â¿CÃ³mo se formula el ANIÃ“N disulfato? Â¿Y el trifosfato? AprÃ©ndelo en este vÃ­deo. 

Supera tus ExÃ¡menes de QuÃ­mica con NOTA ğŸ‘‡

â–ºTemario de FORMULACIÃ“N INORGÃNICA: https://www.youtube.com/playlist?list...

â–ºTemario de ESO y 1Âº Bachillerato: https://www.youtube.com/playlist?list...

â˜…Â¿TIENES DUDAS?â˜…
DÃ©jame el ejercicio en los comentarios y harÃ© un vÃ­deo para resolverlo.",ESO/1 Bachillerato,Grade 7th-11th,FormulaciÃ³n inorgÃ¡nica,Inorganic formulation,Di/tri oxoaniones,di/tri oxoanions,yes
3Xx5WNy8Soo,5/30/2021,https://youtu.be/3Xx5WNy8Soo,Examen Septiembre 2020 SELEMADRID - A5B1 -  *QUÃMICA del CARBONO y LEWIS*,"Hoy resolvemos ejercicios de QUÃMICA del CARBONO y LEWIS de SeleMadrid Sept 2020.

Supera tu Examen de Selectividad con NOTA ğŸ‘‡

â–ºExÃ¡menes de SELECTIVIDAD resueltos: https://www.youtube.com/playlist?list=PL4-4wRXS1MiloBSVQKfSrx_ELYt5ldRJ0

â–ºTemario de 2Âº Bachillerato para SELECTIVIDAD: https://www.youtube.com/playlist?list=PL4-4wRXS1MimTlhuKGAcqCdxkYcXfcxHl

â–ºExÃ¡menes de SeleMadrid: http://www.spaindata.com/quimica/madrid/index.html

â˜…Â¿TIENES DUDAS?â˜…
DÃ©jame el ejercicio en los comentarios y harÃ© un vÃ­deo para resolverlo.",2 Bachillerato,Grade 12th,ExÃ¡menes,Exams,Examen septiembre 2020 - Selemadrid ,September 2020 exam - Selemadrid,no
F0-wOJaETvM,5/31/2021,https://youtu.be/F0-wOJaETvM,âš—ï¸ ANIONES hidrogenados y SALES hidratadas - *paso a paso* - FormulaciÃ³n INORGÃNICA - [ESO/Bachi],"QuÃ© son los ANIONES hidrogenados y las SALES hidratadas? Te lo explico paso a paso.

Supera tus ExÃ¡menes de QuÃ­mica con NOTA ğŸ‘‡

â–ºTemario de FORMULACIÃ“N INORGÃNICA: https://www.youtube.com/playlist?list...

â–ºTemario de ESO y 1Âº Bachillerato: https://www.youtube.com/playlist?list...

â˜…Â¿TIENES DUDAS?â˜…
DÃ©jame el ejercicio en los comentarios y harÃ© un vÃ­deo para resolverlo.",ESO/1 Bachillerato,Grade 7th-11th,FormulaciÃ³n inorgÃ¡nica,Inorganic formulation,Aniones hidrogenados y sales hidratadas ,hydrogen anions and hydrated salts,yes
Ny8dQJmCEYg,6/1/2021,https://youtu.be/Ny8dQJmCEYg,Ejercicios de FORMULACIÃ“N INORGÃNICA  - *paso a paso con ejemplos*  - [ESO/Bachillerato],"En este vÃ­deo hacemos un resumen de todo el tema de FORMULACIÃ“N INORGÃNICA. 

Supera tus ExÃ¡menes de QuÃ­mica con NOTA ğŸ‘‡

â–ºTemario de FORMULACIÃ“N INORGÃNICA: https://www.youtube.com/playlist?list...

â–ºTemario de ESO y 1Âº Bachillerato: https://www.youtube.com/playlist?list...

â˜…Â¿TIENES DUDAS?â˜…
DÃ©jame el ejercicio en los comentarios y harÃ© un vÃ­deo para resolverlo.",ESO/1 Bachillerato,Grade 7th-11th,FormulaciÃ³n inorgÃ¡nica,Inorganic formulation,FormulaciÃ³n inorgÃ¡nica  ,Inorganic formulation,no
9v3Mgozs9Ww,6/3/2021,https://youtu.be/9v3Mgozs9Ww,ğŸ‘‰ ESCALAS de TEMPERATURA - *paso a paso* - Gases IDEALES - [ESO/Bachillerato],"La TEMPERATURA se puede medir en varias ESCALAS. Aprende a usarlas correctamente.

Supera tus ExÃ¡menes de QuÃ­mica con NOTA ğŸ‘‡

â–ºTemario de GASES IDEALES: https://www.youtube.com/playlist?list=PL4-4wRXS1MinpLHXgRCiwGGlOgC3pXRHkâ€‹

â–ºTemario de ESO y 1Âº Bachillerato: https://www.youtube.com/playlist?list=PL4-4wRXS1Mil4byLKh2WN6xnx8v8jZ_Ur

â˜…Â¿TIENES DUDAS?â˜…
DÃ©jame el ejercicio en los comentarios y harÃ© un vÃ­deo para resolverlo.",ESO/1 Bachillerato,Grade 7th-11th,Gases ideales,Ideal gases,Escalas de temperatura ,Temperature scale,yes
heRtBQTUnbs,6/6/2021,https://youtu.be/heRtBQTUnbs,Examen Septiembre 2020 SELEMADRID ğŸ“— - B2B3 -  *CINÃ‰TICA y REDOX*,"Hoy resolvemos ejercicios de CINÃ‰TICA y REDOX de SeleMadrid Sept 2020.

Supera tu Examen de Selectividad con NOTA ğŸ‘‡

â–ºExÃ¡menes de SELECTIVIDAD resueltos: https://www.youtube.com/playlist?list=PL4-4wRXS1MiloBSVQKfSrx_ELYt5ldRJ0

â–ºTemario de 2Âº Bachillerato para SELECTIVIDAD: https://www.youtube.com/playlist?list=PL4-4wRXS1MimTlhuKGAcqCdxkYcXfcxHl

â–ºExÃ¡menes de SeleMadrid: http://www.spaindata.com/quimica/madrid/index.html

â˜…Â¿TIENES DUDAS?â˜…
DÃ©jame el ejercicio en los comentarios y harÃ© un vÃ­deo para resolverlo.",2 Bachillerato,Grade 12th,ExÃ¡menes,Exams,Examen septiembre 2020 - Selemadrid ,September 2020 exam - Selemadrid,no
_68Z9O8x3ug,6/7/2021,https://youtu.be/_68Z9O8x3ug,Ley de GASES IDEALES - *con Ejemplo* - Gases IDEALES - [ESO/Bachillerato],"Â¿QuÃ© ocurre cuando tienes un GAS encerrado en un recipiente? AprÃ©ndelo en este vÃ­deo.

Supera tus ExÃ¡menes de QuÃ­mica con NOTA ğŸ‘‡

â–ºTemario de GASES IDEALES: https://www.youtube.com/playlist?list=PL4-4wRXS1MinpLHXgRCiwGGlOgC3pXRHkâ€‹

â–ºTemario de ESO y 1Âº Bachillerato: https://www.youtube.com/playlist?list=PL4-4wRXS1Mil4byLKh2WN6xnx8v8jZ_Ur

â˜…Â¿TIENES DUDAS?â˜…
DÃ©jame el ejercicio en los comentarios y harÃ© un vÃ­deo para resolverlo.",ESO/1 Bachillerato,Grade 7th-11th,Gases ideales,Ideal gases,Ley de gases ideales ,Ideal gas law,no
uie7921T8e8,6/8/2021,https://youtu.be/uie7921T8e8,Ejercicios de DOS ESTADOS - *paso a paso* - Gases IDEALES - [ESO/Bachillerato],"Â¿QuÃ© le pasa a un recipiente cerrado si haces un cambio en el volumen o temperatura?

Supera tus ExÃ¡menes de QuÃ­mica con NOTA ğŸ‘‡

â–ºTemario de GASES IDEALES: https://www.youtube.com/playlist?list=PL4-4wRXS1MinpLHXgRCiwGGlOgC3pXRHkâ€‹

â–ºTemario de ESO y 1Âº Bachillerato: https://www.youtube.com/playlist?list=PL4-4wRXS1Mil4byLKh2WN6xnx8v8jZ_Ur

â˜…Â¿TIENES DUDAS?â˜…
DÃ©jame el ejercicio en los comentarios y harÃ© un vÃ­deo para resolverlo.",ESO/1 Bachillerato,Grade 7th-11th,Gases ideales,Ideal gases,Ejercicios de dos estados ,Two states exercises,no
J-BFIpS3IqQ,6/10/2021,https://youtu.be/J-BFIpS3IqQ,ğŸ§ª LEYES de Boyle-Mariotte y Gay-Lussac  - *con Ejercicio Resuelto* - Gases IDEALES - [ESO/Bachiller],"Â¿QuÃ© son las LEYES de Boyle-Mariotte y Gay-Lussac y cÃ³mo afectan a los GASES?

Supera tus ExÃ¡menes de QuÃ­mica con NOTA ğŸ‘‡

â–ºTemario de GASES IDEALES: https://www.youtube.com/playlist?list=PL4-4wRXS1MinpLHXgRCiwGGlOgC3pXRHkâ€‹

â–ºTemario de ESO y 1Âº Bachillerato: https://www.youtube.com/playlist?list=PL4-4wRXS1Mil4byLKh2WN6xnx8v8jZ_Ur

â˜…Â¿TIENES DUDAS?â˜…
DÃ©jame el ejercicio en los comentarios y harÃ© un vÃ­deo para resolverlo.",ESO/1 Bachillerato,Grade 7th-11th,Gases ideales,Ideal gases,Leyes de boyle,BoyleÂ´s laws,yes
8na3gaOQDxE,6/13/2021,https://youtu.be/8na3gaOQDxE,Examen Septiembre 2020 SELEMADRID - B4B5 -  *EQUILIBRIO QUÃMICO y QUÃMICA del CARBONO*,"Hoy resolvemos ejercicios de EQUILIBRIO y QUÃMICA del CARBONO de SeleMadrid Sept 2020.

Supera tu Examen de Selectividad con NOTA ğŸ‘‡

â–ºExÃ¡menes de SELECTIVIDAD resueltos: https://www.youtube.com/playlist?list=PL4-4wRXS1MiloBSVQKfSrx_ELYt5ldRJ0

â–ºTemario de 2Âº Bachillerato para SELECTIVIDAD: https://www.youtube.com/playlist?list=PL4-4wRXS1MimTlhuKGAcqCdxkYcXfcxHl

â–ºExÃ¡menes de SeleMadrid: http://www.spaindata.com/quimica/madrid/index.html

â˜…Â¿TIENES DUDAS?â˜…
DÃ©jame el ejercicio en los comentarios y harÃ© un vÃ­deo para resolverlo.",2 Bachillerato,Grade 12th,ExÃ¡menes,Exams,Examen septiembre 2020 - Selemadrid ,September 2020 exam - Selemadrid,no
pe8bufiZOYk,6/14/2021,https://youtu.be/pe8bufiZOYk,PRESIÃ“N PARCIAL y FRACCIÃ“N MOLAR - *paso a paso* - Gases IDEALES - [ESO/Bachillerato],"Â¿QuÃ© es la PRESIÃ“N PARCIAL y cÃ³mo calcularla? AprÃ©ndelo en este vÃ­deo.

Supera tus ExÃ¡menes de QuÃ­mica con NOTA ğŸ‘‡

â–ºTemario de GASES IDEALES: https://www.youtube.com/playlist?list=PL4-4wRXS1MinpLHXgRCiwGGlOgC3pXRHkâ€‹

â–ºTemario de ESO y 1Âº Bachillerato: https://www.youtube.com/playlist?list=PL4-4wRXS1Mil4byLKh2WN6xnx8v8jZ_Ur

â˜…Â¿TIENES DUDAS?â˜…
DÃ©jame el ejercicio en los comentarios y harÃ© un vÃ­deo para resolverlo.",ESO/1 Bachillerato,Grade 7th-11th,Gases ideales,Ideal gases,PresiÃ³n parcial y fracciÃ³n molar ,Partial pressure and mole fraction,no
yd7IDAi0N_U,6/15/2021,https://youtu.be/yd7IDAi0N_U,DENSIDAD de un GAS ğŸ“’ - *paso a paso* - Gases IDEALES - [ESO/Bachillerato],"Â¿CÃ³mo se mide la DENSIDAD de un GAS y quÃ© implicaciones tiene?

Supera tus ExÃ¡menes de QuÃ­mica con NOTA ğŸ‘‡

â–ºTemario de GASES IDEALES: https://www.youtube.com/playlist?list=PL4-4wRXS1MinpLHXgRCiwGGlOgC3pXRHkâ€‹

â–ºTemario de ESO y 1Âº Bachillerato: https://www.youtube.com/playlist?list=PL4-4wRXS1Mil4byLKh2WN6xnx8v8jZ_Ur

â˜…Â¿TIENES DUDAS?â˜…
DÃ©jame el ejercicio en los comentarios y harÃ© un vÃ­deo para resolverlo.",ESO/1 Bachillerato,Grade 7th-11th,Gases ideales,Ideal gases,Densidad de un gas,Gas density,yes
rtIUkKKYBFo,6/17/2021,https://youtu.be/rtIUkKKYBFo,ğŸ‘‰ Mezclas de COMPARTIMENTOS - *con Ejercicio* - Gases IDEALES - [ESO/Bachillerato],"Â¿QuÃ© ocurre cuando mezclas dos compartimentos con diferentes gases?

Supera tus ExÃ¡menes de QuÃ­mica con NOTA ğŸ‘‡

â–ºTemario de GASES IDEALES: https://www.youtube.com/playlist?list=PL4-4wRXS1MinpLHXgRCiwGGlOgC3pXRHkâ€‹

â–ºTemario de ESO y 1Âº Bachillerato: https://www.youtube.com/playlist?list=PL4-4wRXS1Mil4byLKh2WN6xnx8v8jZ_Ur

â˜…Â¿TIENES DUDAS?â˜…
DÃ©jame el ejercicio en los comentarios y harÃ© un vÃ­deo para resolverlo.",ESO/1 Bachillerato,Grade 7th-11th,Gases ideales,Ideal gases,Mezclas de compartimentos ,Compartment mixtures,yes
plxFXV4Kb6E,6/20/2021,https://youtu.be/plxFXV4Kb6E,âš—ï¸ Ley de los GASES REALES - *con Ejercicio Resuelto* - Gases IDEALES - [Universidad],"Aprende las diferencias entre un gas IDEAL y un gas REAL y cÃ³mo calcularlos.

Supera tus ExÃ¡menes de QuÃ­mica con NOTA ğŸ‘‡

â–ºTemario de GASES IDEALES: https://www.youtube.com/playlist?list=PL4-4wRXS1MinpLHXgRCiwGGlOgC3pXRHkâ€‹

â–ºTemario de ESO y 1Âº Bachillerato: https://www.youtube.com/playlist?list=PL4-4wRXS1Mil4byLKh2WN6xnx8v8jZ_Ur

â˜…Â¿TIENES DUDAS?â˜…
DÃ©jame el ejercicio en los comentarios y harÃ© un vÃ­deo para resolverlo.",2 Bachillerato,Grade 12th,Gases ideales,Ideal gases,Ley de los gases reales ,Ideal gas law,yes
_HfrxE42db8,6/21/2021,https://youtu.be/_HfrxE42db8,âš—ï¸ ALCANOS - *paso a paso* - FormulaciÃ³n ORGÃNICA - [ESO/Bachillerato],"AprÃ©ndelo TODO sobre las molÃ©culas ORGÃNICAS mÃ¡s simples: los ALCANOS.

Supera tus ExÃ¡menes de QuÃ­mica con NOTA ğŸ‘‡

â–ºTemario de FORMULACIÃ“N ORGÃNICA: https://www.youtube.com/playlist?list=PL4-4wRXS1Mim3VbYRalUvaY6bvmG9wzuYâ€‹

â–ºTemario de ESO y 1Âº Bachillerato: https://www.youtube.com/playlist?list=PL4-4wRXS1Mil4byLKh2WN6xnx8v8jZ_Ur

â˜…Â¿TIENES DUDAS?â˜…
DÃ©jame el ejercicio en los comentarios y harÃ© un vÃ­deo para resolverlo.",ESO/1 Bachillerato,Grade 7th-11th,FormulaciÃ³n orgÃ¡nica,Organic formulation,Alcanos ,Alkanes,yes
b40cPvh0B4U,6/22/2021,https://youtu.be/b40cPvh0B4U,RAMIFICACIONES y HALÃ“GENOS - *con ejemplos* - FormulaciÃ³n ORGÃNICA - [ESO/Bachillerato],"Los ALCANOS pueden presentar RAMIFICACIONES en su estructura. Aprende a formularlas.

Supera tus ExÃ¡menes de QuÃ­mica con NOTA ğŸ‘‡

â–ºTemario de FORMULACIÃ“N ORGÃNICA: https://www.youtube.com/playlist?list=PL4-4wRXS1Mim3VbYRalUvaY6bvmG9wzuYâ€‹

â–ºTemario de ESO y 1Âº Bachillerato: https://www.youtube.com/playlist?list=PL4-4wRXS1Mil4byLKh2WN6xnx8v8jZ_Ur

â˜…Â¿TIENES DUDAS?â˜…
DÃ©jame el ejercicio en los comentarios y harÃ© un vÃ­deo para resolverlo.",ESO/1 Bachillerato,Grade 7th-11th,FormulaciÃ³n orgÃ¡nica,Organic formulation,Ramificaciones y halÃ³genos ,Ramifications and halogens,no
w2GDovVH8r4,6/24/2021,https://youtu.be/w2GDovVH8r4,CÃ³mo formular ALQUENOS y ALQUINOS ğŸ“— - *paso a paso* - FormulaciÃ³n ORGÃNICA - [ESO/Bachillerato],"Los ALQUENOS y ALQUINOS se forman al producirse enlaces dobles y triples entre carbonos.

Supera tus ExÃ¡menes de QuÃ­mica con NOTA ğŸ‘‡

â–ºTemario de FORMULACIÃ“N ORGÃNICA: https://www.youtube.com/playlist?list=PL4-4wRXS1Mim3VbYRalUvaY6bvmG9wzuYâ€‹

â–ºTemario de ESO y 1Âº Bachillerato: https://www.youtube.com/playlist?list=PL4-4wRXS1Mil4byLKh2WN6xnx8v8jZ_Ur

â˜…Â¿TIENES DUDAS?â˜…
DÃ©jame el ejercicio en los comentarios y harÃ© un vÃ­deo para resolverlo.",ESO/1 Bachillerato,Grade 7th-11th,FormulaciÃ³n orgÃ¡nica,Organic formulation,Alquenos y alquinos,Alkenes and alkines,no
GOEvDi2dZxM,6/27/2021,https://youtu.be/GOEvDi2dZxM,CÃ³mo interactÃºan el CO2 y la HIDROSFERA ğŸŒŠ - [Curiosidades sobre QUÃMICA],"Â¿QuÃ© ocurre con las emisiones de CO2 que no acaban en la atmÃ³sfera?

Sacia tu mente curiosa con estos vÃ­deos ğŸ‘‡

â–ºLista de vÃ­deos de Curiosidades sobre QuÃ­mica: https://www.youtube.com/playlist?list=PL4-4wRXS1MillLB3rKNjFmC84wZl072fr

â˜…Â¿TIENES MÃS INQUIETUDES?â˜…
DÃ©jame un comentario sobre el tema del cuÃ¡l te gustarÃ­a saber mÃ¡s.",PÃºblico general,General public,Curiosidades sobre quÃ­mica,Curiosities about chemistry,CÃ³mo interactÃºan el co2 y la hidrosfera,How do CO2 and hydrosphere interact,no
uv6opP9qyMQ,6/28/2021,https://youtu.be/uv6opP9qyMQ,Â¿QuÃ© son los CICLOALCANOS y BENCENOS? - *paso a paso* - FormulaciÃ³n ORGÃNICA - [ESO/Bachillerato],"Los compuestos ORGÃNICOS no sÃ³lo forman CADENAS, sino tambiÃ©n CICLOS.

Supera tus ExÃ¡menes de QuÃ­mica con NOTA ğŸ‘‡

â–ºTemario de FORMULACIÃ“N ORGÃNICA: https://www.youtube.com/playlist?list=PL4-4wRXS1Mim3VbYRalUvaY6bvmG9wzuYâ€‹

â–ºTemario de ESO y 1Âº Bachillerato: https://www.youtube.com/playlist?list=PL4-4wRXS1Mil4byLKh2WN6xnx8v8jZ_Ur

â˜…Â¿TIENES DUDAS?â˜…
DÃ©jame el ejercicio en los comentarios y harÃ© un vÃ­deo para resolverlo.",ESO/1 Bachillerato,Grade 7th-11th,FormulaciÃ³n orgÃ¡nica,Organic formulation,Cicloalcanos y bencenos,Cyclealkanes and benzenes,no
1NQ7NXQnfVg,6/29/2021,https://youtu.be/1NQ7NXQnfVg,Â¿QuÃ© son los ÃCIDOS CARBOXÃLICOS? ğŸ§ª - *con ejemplos* - FormulaciÃ³n ORGÃNICA - [ESO/Bachillerato],"Aprende a detectar, reconocer y formular los ÃCIDOS CARBOXÃLICOS.

Supera tus ExÃ¡menes de QuÃ­mica con NOTA ğŸ‘‡

â–ºTemario de FORMULACIÃ“N ORGÃNICA: https://www.youtube.com/playlist?list=PL4-4wRXS1Mim3VbYRalUvaY6bvmG9wzuYâ€‹

â–ºTemario de ESO y 1Âº Bachillerato: https://www.youtube.com/playlist?list=PL4-4wRXS1Mil4byLKh2WN6xnx8v8jZ_Ur

â˜…Â¿TIENES DUDAS?â˜…
DÃ©jame el ejercicio en los comentarios y harÃ© un vÃ­deo para resolverlo.",ESO/1 Bachillerato,Grade 7th-11th,FormulaciÃ³n orgÃ¡nica,Organic formulation,Ãcidos carboxÃ­licos ,Carboxilic acids,no
ugiJOTH8pW0,7/1/2021,https://youtu.be/ugiJOTH8pW0,ALDEHÃDOS y CETONAS - *con ejercicio resuelto* - FormulaciÃ³n ORGÃNICA - [ESO/Bachillerato],"Â¿QuÃ© tienen en comÃºn y de diferente los ALDEHÃDOS y las CETONAS?

Supera tus ExÃ¡menes de QuÃ­mica con NOTA ğŸ‘‡

â–ºTemario de FORMULACIÃ“N ORGÃNICA: https://www.youtube.com/playlist?list=PL4-4wRXS1Mim3VbYRalUvaY6bvmG9wzuYâ€‹

â–ºTemario de ESO y 1Âº Bachillerato: https://www.youtube.com/playlist?list=PL4-4wRXS1Mil4byLKh2WN6xnx8v8jZ_Ur

â˜…Â¿TIENES DUDAS?â˜…
DÃ©jame el ejercicio en los comentarios y harÃ© un vÃ­deo para resolverlo.",ESO/1 Bachillerato,Grade 7th-11th,FormulaciÃ³n orgÃ¡nica,Organic formulation,AldehÃ­dos y cetonas ,Aldehydes and ketones,no
eJRwas1X3ng,7/4/2021,https://youtu.be/eJRwas1X3ng,Por quÃ© un METAL se pone a ROJO VIVO - [Curiosidades sobre QUÃMICA],"Aprende por quÃ© una sustancia se pone al rojo vivo cuando se calienta con este vÃ­deo.

Sacia tu mente curiosa con estos vÃ­deos ğŸ‘‡

â–ºLista de vÃ­deos de Curiosidades sobre QuÃ­mica: https://www.youtube.com/playlist?list=PL4-4wRXS1MillLB3rKNjFmC84wZl072fr

â˜…Â¿TIENES MÃS INQUIETUDES?â˜…
DÃ©jame un comentario sobre el tema del cuÃ¡l te gustarÃ­a saber mÃ¡s.",PÃºblico general,General public,Curiosidades sobre quÃ­mica,Curiosities about chemistry,El metal se pone a rojo vivo ,Bright red metal,no
WlqHlB4NN_s,7/5/2021,https://youtu.be/WlqHlB4NN_s,ALCOHOLES y Ã‰TERES - *paso a paso* - FormulaciÃ³n ORGÃNICA - [ESO/Bachillerato],"Aprendamos a FORMULAR nuevos grupos funcionales: ALCHOLES y Ã‰TERES.

Supera tus ExÃ¡menes de QuÃ­mica con NOTA ğŸ‘‡

â–ºTemario de FORMULACIÃ“N ORGÃNICA: https://www.youtube.com/playlist?list=PL4-4wRXS1Mim3VbYRalUvaY6bvmG9wzuYâ€‹

â–ºTemario de ESO y 1Âº Bachillerato: https://www.youtube.com/playlist?list=PL4-4wRXS1Mil4byLKh2WN6xnx8v8jZ_Ur

â˜…Â¿TIENES DUDAS?â˜…
DÃ©jame el ejercicio en los comentarios y harÃ© un vÃ­deo para resolverlo.",ESO/1 Bachillerato,Grade 7th-11th,FormulaciÃ³n orgÃ¡nica,Organic formulation,Alcoholes y Ã©teres ,Alcohols and ethers,no
TZJFtRsbhdQ,7/6/2021,https://youtu.be/TZJFtRsbhdQ,Aprende a formular los Ã‰STERES - *con ejemplos* - FormulaciÃ³n ORGÃNICA - [ESO/Bachillerato],"Uno de los grupos funcionales mÃ¡s complicados de la formulaciÃ³n ORGÃNICA.

Supera tus ExÃ¡menes de QuÃ­mica con NOTA ğŸ‘‡

â–ºTemario de FORMULACIÃ“N ORGÃNICA: https://www.youtube.com/playlist?list=PL4-4wRXS1Mim3VbYRalUvaY6bvmG9wzuYâ€‹

â–ºTemario de ESO y 1Âº Bachillerato: https://www.youtube.com/playlist?list=PL4-4wRXS1Mil4byLKh2WN6xnx8v8jZ_Ur

â˜…Â¿TIENES DUDAS?â˜…
DÃ©jame el ejercicio en los comentarios y harÃ© un vÃ­deo para resolverlo.",ESO/1 Bachillerato,Grade 7th-11th,FormulaciÃ³n orgÃ¡nica,Organic formulation,Ã‰steres,Esthers,no
x8hhcWdi1IU,7/8/2021,https://youtu.be/x8hhcWdi1IU,Aminas y amidas - *con ejemplos* - FormulaciÃ³n ORGÃNICA - [ESO/Bachillerato],"Ã‰stos son los grupos funcionales principales con NITRÃ“GENO en quÃ­mica ORGÃNICA.

Supera tus ExÃ¡menes de QuÃ­mica con NOTA ğŸ‘‡

â–ºTemario de FORMULACIÃ“N ORGÃNICA: https://www.youtube.com/playlist?list=PL4-4wRXS1Mim3VbYRalUvaY6bvmG9wzuYâ€‹

â–ºTemario de ESO y 1Âº Bachillerato: https://www.youtube.com/playlist?list=PL4-4wRXS1Mil4byLKh2WN6xnx8v8jZ_Ur

â˜…Â¿TIENES DUDAS?â˜…
DÃ©jame el ejercicio en los comentarios y harÃ© un vÃ­deo para resolverlo.",ESO/1 Bachillerato,Grade 7th-11th,FormulaciÃ³n orgÃ¡nica,Organic formulation,Aminas y amidas ,Amines and amydes,no
kusi3Ll-5ig,7/11/2021,https://youtu.be/kusi3Ll-5ig,Â¿Por quÃ© el AGUA con hielo y sal ENFRÃA mejor? - [Curiosidades sobre QUÃMICA],"Â¿Por quÃ© esta mezcla enfrÃ­a tan eficazmente? Todo es QUÃMICA.

Sacia tu mente curiosa con estos vÃ­deos ğŸ‘‡

â–ºLista de vÃ­deos de Curiosidades sobre QuÃ­mica: https://www.youtube.com/playlist?list=PL4-4wRXS1MillLB3rKNjFmC84wZl072fr

â˜…Â¿TIENES MÃS INQUIETUDES?â˜…
DÃ©jame un comentario sobre el tema del cuÃ¡l te gustarÃ­a saber mÃ¡s.",PÃºblico general,General public,Curiosidades sobre quÃ­mica,Curiosities about chemistry,Agua con hielo y sal enfrÃ­a mejor,Water with ice and salt freezes faster,no
CWFtrv648HQ,7/12/2021,https://youtu.be/CWFtrv648HQ,Â¿CÃ³mo formular NITRILOS y CIANUROS? - *paso a paso* - FormulaciÃ³n ORGÃNICA - [ESO/Bachillerato],"Aprende la diferencia y similitudes de estos dos grupos FUNCIONALES.

Supera tus ExÃ¡menes de QuÃ­mica con NOTA ğŸ‘‡

â–ºTemario de FORMULACIÃ“N ORGÃNICA: https://www.youtube.com/playlist?list=PL4-4wRXS1Mim3VbYRalUvaY6bvmG9wzuYâ€‹

â–ºTemario de ESO y 1Âº Bachillerato: https://www.youtube.com/playlist?list=PL4-4wRXS1Mil4byLKh2WN6xnx8v8jZ_Ur

â˜…Â¿TIENES DUDAS?â˜…
DÃ©jame el ejercicio en los comentarios y harÃ© un vÃ­deo para resolverlo.",ESO/1 Bachillerato,Grade 7th-11th,FormulaciÃ³n orgÃ¡nica,Organic formulation,Nitrilos y cianuros,Nitriles and cyanides,no
D83mcszifig,7/14/2021,https://youtu.be/D83mcszifig,"Â¿QuÃ© son los TIOLES, TIOÃ‰TERES y FOSFINAS? - *con ejemplos* - FormulaciÃ³n ORGÃNICA - [Universidad]","TambiÃ©n existen grupos FUNCIONALES con AZUFRE y FÃ“SFORO. 

Supera tus ExÃ¡menes de QuÃ­mica con NOTA ğŸ‘‡

â–ºTemario de FORMULACIÃ“N ORGÃNICA: https://www.youtube.com/playlist?list=PL4-4wRXS1Mim3VbYRalUvaY6bvmG9wzuYâ€‹

â–ºTemario de ESO y 1Âº Bachillerato: https://www.youtube.com/playlist?list=PL4-4wRXS1Mil4byLKh2WN6xnx8v8jZ_Ur

â˜…Â¿TIENES DUDAS?â˜…
DÃ©jame el ejercicio en los comentarios y harÃ© un vÃ­deo para resolverlo.",2 Bachillerato,Grade 12th,FormulaciÃ³n orgÃ¡nica,Organic formulation,"Tioles, tioÃ©teres y fosfinas","Tioles, tioether and phosphines",no
gNM1WQFRXGo,7/15/2021,https://youtu.be/gNM1WQFRXGo,Ejercicios de FORMULACIÃ“N ORGÃNICA - *paso a paso* - [ESO/Bachillerato],"ColecciÃ³n de ejercicios de FORMULACIÃ“N ORGÃNICA completos. 

Supera tus ExÃ¡menes de QuÃ­mica con NOTA ğŸ‘‡

â–ºTemario de FORMULACIÃ“N ORGÃNICA: https://www.youtube.com/playlist?list=PL4-4wRXS1Mim3VbYRalUvaY6bvmG9wzuYâ€‹

â–ºTemario de ESO y 1Âº Bachillerato: https://www.youtube.com/playlist?list=PL4-4wRXS1Mil4byLKh2WN6xnx8v8jZ_Ur

â˜…Â¿TIENES DUDAS?â˜…
DÃ©jame el ejercicio en los comentarios y harÃ© un vÃ­deo para resolverlo.",ESO/1 Bachillerato,Grade 7th-11th,FormulaciÃ³n orgÃ¡nica,Organic formulation,FormulaciÃ³n orgÃ¡nica,Organic formulation,no
iC5YUht8t7c,7/18/2021,https://youtu.be/iC5YUht8t7c,Â¿QuÃ© es una REACCIÃ“N QUÃMICA? - *Con ejemplos* - ESTEQUIOMETRÃA - [ESO/Bachillerato],"Â¿QuÃ© sucede al producirse una REACCIÃ“N QUÃMICA? Â¿QuÃ© TIPOS de reacciÃ³n hay? 

Supera tus ExÃ¡menes de QuÃ­mica con NOTA ğŸ‘‡

â–ºTemario de ESTEQUIOMETRÃA: https://www.youtube.com/playlist?list=PL4-4wRXS1MilhSRVqviJppxUMW5iYHepyâ€‹

â–ºTemario de ESO y 1Âº Bachillerato: https://www.youtube.com/playlist?list=PL4-4wRXS1Mil4byLKh2WN6xnx8v8jZ_Ur

â˜…Â¿TIENES DUDAS?â˜…
DÃ©jame el ejercicio en los comentarios y harÃ© un vÃ­deo para resolverlo.",ESO/1 Bachillerato,Grade 7th-11th,EstequiometrÃ­a,Stoichiometry,ReacciÃ³n quÃ­mica,Chemical equation,no
H28VaUHVdCg,7/19/2021,https://youtu.be/H28VaUHVdCg,CÃ³mo usar los FACTORES de CONVERSIÃ“N ğŸ“” - *paso a paso* - ESTEQUIOMETRÃA - [ESO/Bachillerato],"Aprende a usar los FACTORES DE CONVERSIÃ“N gracias a este vÃ­deo. 

Supera tus ExÃ¡menes de QuÃ­mica con NOTA ğŸ‘‡

â–ºTemario de ESTEQUIOMETRÃA: https://www.youtube.com/playlist?list=PL4-4wRXS1MilhSRVqviJppxUMW5iYHepyâ€‹

â–ºTemario de ESO y 1Âº Bachillerato: https://www.youtube.com/playlist?list=PL4-4wRXS1Mil4byLKh2WN6xnx8v8jZ_Ur

â˜…Â¿TIENES DUDAS?â˜…
DÃ©jame el ejercicio en los comentarios y harÃ© un vÃ­deo para resolverlo.",ESO/1 Bachillerato,Grade 7th-11th,EstequiometrÃ­a,Stoichiometry,Factores de conversiÃ³n,Conversion factors,no
4uPx3w_9eQI,7/20/2021,https://youtu.be/4uPx3w_9eQI,Â¿QuÃ© es un MOL? âš› - *con ejercicios resueltos* - ESTEQUIOMETRÃA - [ESO/Bachillerato],"Aprende a usar la MAGNITUD REINA de la QUÃMICA, el MOL.

Supera tus ExÃ¡menes de QuÃ­mica con NOTA ğŸ‘‡

â–ºTemario de ESTEQUIOMETRÃA: https://www.youtube.com/playlist?list=PL4-4wRXS1MilhSRVqviJppxUMW5iYHepyâ€‹

â–ºTemario de ESO y 1Âº Bachillerato: https://www.youtube.com/playlist?list=PL4-4wRXS1Mil4byLKh2WN6xnx8v8jZ_Ur

â˜…Â¿TIENES DUDAS?â˜…
DÃ©jame el ejercicio en los comentarios y harÃ© un vÃ­deo para resolverlo.",ESO/1 Bachillerato,Grade 7th-11th,EstequiometrÃ­a,Stoichiometry,Moles,Moles,yes
m4NjAiNogOU,7/22/2021,https://youtu.be/m4NjAiNogOU,IGUALAR una REACCIÃ“N QUÃMICA - *con ejemplos* - ESTEQUIOMETRÃA - [ESO/Bachillerato],"Aprende trucos para IGUALAR REACCIONES QUÃMICAS, tanto simples como complejas.

Supera tus ExÃ¡menes de QuÃ­mica con NOTA ğŸ‘‡

â–ºTemario de ESTEQUIOMETRÃA: https://www.youtube.com/playlist?list=PL4-4wRXS1MilhSRVqviJppxUMW5iYHepyâ€‹

â–ºTemario de ESO y 1Âº Bachillerato: https://www.youtube.com/playlist?list=PL4-4wRXS1Mil4byLKh2WN6xnx8v8jZ_Ur

â˜…Â¿TIENES DUDAS?â˜…
DÃ©jame el ejercicio en los comentarios y harÃ© un vÃ­deo para resolverlo.",ESO/1 Bachillerato,Grade 7th-11th,EstequiometrÃ­a,Stoichiometry,Igualar una reacciÃ³n quÃ­mica ,Balance a chemical equation,no
57aOfb-ApkQ,7/26/2021,https://youtu.be/57aOfb-ApkQ,CÃ¡lculos ESTEQUIOMÃ‰TRICOS - *paso a paso* - ESTEQUIOMETRÃA - [ESO/Bachillerato],"Â¿QuÃ© puedes calcular a partir de una reacciÃ³n QUÃMICA? AprÃ©ndelo en este vÃ­deo.

Supera tus ExÃ¡menes de QuÃ­mica con NOTA ğŸ‘‡

â–ºTemario de ESTEQUIOMETRÃA: https://www.youtube.com/playlist?list=PL4-4wRXS1MilhSRVqviJppxUMW5iYHepyâ€‹

â–ºTemario de ESO y 1Âº Bachillerato: https://www.youtube.com/playlist?list=PL4-4wRXS1Mil4byLKh2WN6xnx8v8jZ_Ur

â˜…Â¿TIENES DUDAS?â˜…
DÃ©jame el ejercicio en los comentarios y harÃ© un vÃ­deo para resolverlo.",ESO/1 Bachillerato,Grade 7th-11th,EstequiometrÃ­a,Stoichiometry,CÃ¡lculos estequiomÃ©tricos ,Stoichiometric calculations,no
RdK72Xpixqo,7/29/2021,https://youtu.be/RdK72Xpixqo,QuÃ© es el RENDIMIENTO de una reacciÃ³n QUÃMICA - *desde cero* - ESTEQUIOMETRÃA - [ESO/Bachillerato],"Las reacciones QUÃMICAS tambiÃ©n tienen RENDIMIENTO. Â¿CÃ³mo se calcula?

Supera tus ExÃ¡menes de QuÃ­mica con NOTA ğŸ‘‡

â–ºTemario de ESTEQUIOMETRÃA: https://www.youtube.com/playlist?list=PL4-4wRXS1MilhSRVqviJppxUMW5iYHepyâ€‹

â–ºTemario de ESO y 1Âº Bachillerato: https://www.youtube.com/playlist?list=PL4-4wRXS1Mil4byLKh2WN6xnx8v8jZ_Ur

â˜…Â¿TIENES DUDAS?â˜…
DÃ©jame el ejercicio en los comentarios y harÃ© un vÃ­deo para resolverlo.",ESO/1 Bachillerato,Grade 7th-11th,EstequiometrÃ­a,Stoichiometry,Rendimiento en una reacciÃ³n quÃ­mica,Yield of a chemical reaction,no
KpBAEpvyBE8,8/3/2021,https://youtu.be/KpBAEpvyBE8,La PUREZA de un REACTIVO ğŸ’ - *paso a paso* - ESTEQUIOMETRÃA - [ESO/Bachillerato],"Â¿QuÃ© implica que un REACTIVO sea IMPURO? Â¿CÃ³mo afecta a la ESTEQUIOMETRÃA?

Supera tus ExÃ¡menes de QuÃ­mica con NOTA ğŸ‘‡

â–ºTemario de ESTEQUIOMETRÃA: https://www.youtube.com/playlist?list=PL4-4wRXS1MilhSRVqviJppxUMW5iYHepyâ€‹

â–ºTemario de ESO y 1Âº Bachillerato: https://www.youtube.com/playlist?list=PL4-4wRXS1Mil4byLKh2WN6xnx8v8jZ_Ur

â˜…Â¿TIENES DUDAS?â˜…
DÃ©jame el ejercicio en los comentarios y harÃ© un vÃ­deo para resolverlo.",ESO/1 Bachillerato,Grade 7th-11th,EstequiometrÃ­a,Stoichiometry,Pureza de un reactivo,Reactant purity,yes
aF2oebwDACM,8/9/2021,https://youtu.be/aF2oebwDACM,QuÃ© es el REACTIVO LIMITANTE - *con ejemplos* - ESTEQUIOMETRÃA - [ESO/Bachillerato],"Aprende a averiguar quiÃ©n es el REACTIVO LIMITANTE en cada reacciÃ³n.

Supera tus ExÃ¡menes de QuÃ­mica con NOTA ğŸ‘‡

â–ºTemario de ESTEQUIOMETRÃA: https://www.youtube.com/playlist?list=PL4-4wRXS1MilhSRVqviJppxUMW5iYHepyâ€‹

â–ºTemario de ESO y 1Âº Bachillerato: https://www.youtube.com/playlist?list=PL4-4wRXS1Mil4byLKh2WN6xnx8v8jZ_Ur

â˜…Â¿TIENES DUDAS?â˜…
DÃ©jame el ejercicio en los comentarios y harÃ© un vÃ­deo para resolverlo.",ESO/1 Bachillerato,Grade 7th-11th,EstequiometrÃ­a,Stoichiometry,Reactivo limitante,Limiting reagent,no
xDVpGojsxO4,8/17/2021,https://youtu.be/xDVpGojsxO4,Ejercicios de SALES COMBINADAS - *desde cero* - ESTEQUIOMETRÃA - [ESO/Bachillerato],"Â¡Â¿SISTEMAS DE ECUACIONES en QUÃMICA!? Aprende a formularlos y resolverlos.

Supera tus ExÃ¡menes de QuÃ­mica con NOTA ğŸ‘‡

â–ºTemario de ESTEQUIOMETRÃA: https://www.youtube.com/playlist?list=PL4-4wRXS1MilhSRVqviJppxUMW5iYHepyâ€‹

â–ºTemario de ESO y 1Âº Bachillerato: https://www.youtube.com/playlist?list=PL4-4wRXS1Mil4byLKh2WN6xnx8v8jZ_Ur

â˜…Â¿TIENES DUDAS?â˜…
DÃ©jame el ejercicio en los comentarios y harÃ© un vÃ­deo para resolverlo.",ESO/1 Bachillerato,Grade 7th-11th,EstequiometrÃ­a,Stoichiometry,Sales combinadas,Combined salts,no
AVfEG0i0vBw,8/23/2021,https://youtu.be/AVfEG0i0vBw,ESTEQUIMETRÃA con SALES HIDRATADAS - *ejercicio resuelto* - ESTEQUIOMETRÃA - [ESO/Bachillerato],"Â¿CÃ³mo afecta a la ESTEQUIOMETRÃA cuando el reactivo es una sal HIDRATADA?

Supera tus ExÃ¡menes de QuÃ­mica con NOTA ğŸ‘‡

â–ºTemario de ESTEQUIOMETRÃA: https://www.youtube.com/playlist?list=PL4-4wRXS1MilhSRVqviJppxUMW5iYHepyâ€‹

â–ºTemario de ESO y 1Âº Bachillerato: https://www.youtube.com/playlist?list=PL4-4wRXS1Mil4byLKh2WN6xnx8v8jZ_Ur

â˜…Â¿TIENES DUDAS?â˜…
DÃ©jame el ejercicio en los comentarios y harÃ© un vÃ­deo para resolverlo.",ESO/1 Bachillerato,Grade 7th-11th,EstequiometrÃ­a,Stoichiometry,EstequimetrÃ­a con sales hidratadas ,Stoichiometry with hydrated salts,no
k8mvBxZBp24,8/30/2021,https://youtu.be/k8mvBxZBp24,EJERCICIO de ESTEQUIOMETRÃA - *desde cero*- ESTEQUIOMETRÃA - [ESO/Bachillerato],"EJERCICIO de ESTEQUIOMETRÃA resuelto mediante un SISTEMA de ECUACIONES.

Supera tus ExÃ¡menes de QuÃ­mica con NOTA ğŸ‘‡

â–ºTemario de ESTEQUIOMETRÃA: https://www.youtube.com/playlist?list=PL4-4wRXS1MilhSRVqviJppxUMW5iYHepyâ€‹

â–ºTemario de ESO y 1Âº Bachillerato: https://www.youtube.com/playlist?list=PL4-4wRXS1Mil4byLKh2WN6xnx8v8jZ_Ur

â˜…Â¿TIENES DUDAS?â˜…
DÃ©jame el ejercicio en los comentarios y harÃ© un vÃ­deo para resolverlo.",ESO/1 Bachillerato,Grade 7th-11th,EstequiometrÃ­a,Stoichiometry,EstequiometrÃ­a,Stoichiometry,no
1yVAqHAnyKA,9/6/2021,https://youtu.be/1yVAqHAnyKA,"DISOLUCIÃ“N, SOLUTO y DISOLVENTE âš—ï¸ - *desde cero* - DISOLUCIONES - [ESO/Bachillerato]","Â¿CÃ³mo se relacionan el SOLUTO y el DISOLVENTE de una DISOLUCIÃ“N?

Supera tus ExÃ¡menes de QuÃ­mica con NOTA ğŸ‘‡

â–ºTemario de DISOLUCIONES: https://www.youtube.com/playlist?list=PL4-4wRXS1Min_Jh7ppvRs4k0UryriIpUq

â–ºTemario de ESO y 1Âº Bachillerato: https://www.youtube.com/playlist?list=PL4-4wRXS1Mil4byLKh2WN6xnx8v8jZ_Ur

â˜…Â¿TIENES DUDAS?â˜…
DÃ©jame el ejercicio en los comentarios y harÃ© un vÃ­deo para resolverlo.",ESO/1 Bachillerato,Grade 7th-11th,Disoluciones,Solution,"DisoluciÃ³n, soluto y disolvente","Solution, solute and solvent",no
ikayRX4LikI,9/13/2021,https://youtu.be/ikayRX4LikI,CÃ³mo CALCULAR la CONCENTRACIÃ“N de una DISOLUCIÃ“N - *paso a paso* - DISOLUCIONES - [ESO/Bachillerato],"Descubre todas las formas de expresar la CONCENTRACIÃ“N de una DISOLUCIÃ“N

Supera tus ExÃ¡menes de QuÃ­mica con NOTA ğŸ‘‡

â–ºTemario de DISOLUCIONES: https://www.youtube.com/playlist?list=PL4-4wRXS1Min_Jh7ppvRs4k0UryriIpUq

â–ºTemario de ESO y 1Âº Bachillerato: https://www.youtube.com/playlist?list=PL4-4wRXS1Mil4byLKh2WN6xnx8v8jZ_Ur

â˜…Â¿TIENES DUDAS?â˜…
DÃ©jame el ejercicio en los comentarios y harÃ© un vÃ­deo para resolverlo.",ESO/1 Bachillerato,Grade 7th-11th,Disoluciones,Solution,ConcentraciÃ³n de una disoluciÃ³n,Concentration of a solution,no
uACPMlja1pY,9/22/2021,https://youtu.be/uACPMlja1pY,Ejercicio de la ley de Hess - *paso a paso* - QuÃ­mica 2Âº Bachillerato - [Selectividad 2022],"Supera tu Examen de Selectividad con NOTA ğŸ‘‡

â–ºVÃ­deos de TERMODINÃMICA: https://www.youtube.com/playlist?list=PL4-4wRXS1MimgzS63Z5qZel1rFbBAz-3K

â–ºTemario de 2Âº Bachillerato para SELECTIVIDAD: https://youtube.com/playlist?list=PL4-4wRXS1MimTlhuKGAcqCdxkYcXfcxHl

â˜…Â¿TIENES DUDAS?â˜…
DÃ©jame el ejercicio en los comentarios y harÃ© un vÃ­deo para resolverlo.",2 Bachillerato,Grade 12th,TermodinÃ¡mica,Thermodynamics,Ley de Hess ,Hess' law,no
RefkvR_GCuc,9/27/2021,https://youtu.be/RefkvR_GCuc,ReacciÃ³n de SOLVATACIÃ“N ğŸ§‚ - *con ejemplos* - DISOLUCIONES - [ESO/Bachillerato],"Â¿QuÃ© le ocurre a una SAL cuando se DISUELVE en AGUA?

Supera tus ExÃ¡menes de QuÃ­mica con NOTA ğŸ‘‡

â–ºTemario de DISOLUCIONES: https://www.youtube.com/playlist?list=PL4-4wRXS1Min_Jh7ppvRs4k0UryriIpUq

â–ºTemario de ESO y 1Âº Bachillerato: https://www.youtube.com/playlist?list=PL4-4wRXS1Mil4byLKh2WN6xnx8v8jZ_Ur

â˜…Â¿TIENES DUDAS?â˜…
DÃ©jame el ejercicio en los comentarios y harÃ© un vÃ­deo para resolverlo.",ESO/1 Bachillerato,Grade 7th-11th,Disoluciones,Solution,ReacciÃ³n de solvataciÃ³n ,Solvation reaction,yes
TFcF_4lw9vQ,10/4/2021,https://youtu.be/TFcF_4lw9vQ,MOLARIDAD de un ÃCIDO CONCENTRADO - con ejercicio resuelto* - DISOLUCIONES - [ESO/Bachillerato],"De porcentaje en masa y densidad a MOLARIDAD con factores de conversiÃ³n.

Supera tus ExÃ¡menes de QuÃ­mica con NOTA ğŸ‘‡

â–ºTemario de DISOLUCIONES: https://www.youtube.com/playlist?list=PL4-4wRXS1Min_Jh7ppvRs4k0UryriIpUq

â–ºTemario de ESO y 1Âº Bachillerato: https://www.youtube.com/playlist?list=PL4-4wRXS1Mil4byLKh2WN6xnx8v8jZ_Ur

â˜…Â¿TIENES DUDAS?â˜…
DÃ©jame el ejercicio en los comentarios y harÃ© un vÃ­deo para resolverlo.",ESO/1 Bachillerato,Grade 7th-11th,Disoluciones,Solution,Molaridad de un Ã¡cido concentrado ,Molarity of a concentrated acid,no
lDOlek5FIKE,10/11/2021,https://youtu.be/lDOlek5FIKE,CuÃ¡l es la MOLARIDAD del AGUA ğŸ’§ - *paso a paso* - DISOLUCIONES - [ESO/Bachillerato],"Â¿Alguna vez te has preguntado cuÃ¡l es la MOLARIDAD del AGUA? DescÃºbrelo aquÃ­.

Supera tus ExÃ¡menes de QuÃ­mica con NOTA ğŸ‘‡

â–ºTemario de DISOLUCIONES: https://www.youtube.com/playlist?list=PL4-4wRXS1Min_Jh7ppvRs4k0UryriIpUq

â–ºTemario de ESO y 1Âº Bachillerato: https://www.youtube.com/playlist?list=PL4-4wRXS1Mil4byLKh2WN6xnx8v8jZ_Ur

â˜…Â¿TIENES DUDAS?â˜…
DÃ©jame el ejercicio en los comentarios y harÃ© un vÃ­deo para resolverlo.",ESO/1 Bachillerato,Grade 7th-11th,Disoluciones,Solution,Molaridad del agua,Water molarity,yes
z-eicVUxwPI,10/19/2021,https://youtu.be/z-eicVUxwPI,CÃ³mo se preparan las DISOLUCIONES - *con ejemplos* - DISOLUCIONES - [ESO/Bachillerato],"Aprende a preparar DISOLUCIONES de cualquier CONCENTRACIÃ“N.

Supera tus ExÃ¡menes de QuÃ­mica con NOTA ğŸ‘‡

â–ºTemario de DISOLUCIONES: https://www.youtube.com/playlist?list=PL4-4wRXS1Min_Jh7ppvRs4k0UryriIpUq

â–ºTemario de ESO y 1Âº Bachillerato: https://www.youtube.com/playlist?list=PL4-4wRXS1Mil4byLKh2WN6xnx8v8jZ_Ur

â˜…Â¿TIENES DUDAS?â˜…
DÃ©jame el ejercicio en los comentarios y harÃ© un vÃ­deo para resolverlo.",ESO/1 Bachillerato,Grade 7th-11th,Disoluciones,Solution,Disoluciones,Solutions,no
iICs2qe3OUw,10/26/2021,https://youtu.be/iICs2qe3OUw,QuÃ© es una DILUCIÃ“N - *desde cero* - DISOLUCIONES - [ESO/Bachillerato],"Â¿CÃ³mo se puede reducir la CONCENTRACIÃ“N de una DISOLUCIÃ“N?

Supera tus ExÃ¡menes de QuÃ­mica con NOTA ğŸ‘‡

â–ºTemario de DISOLUCIONES: https://www.youtube.com/playlist?list=PL4-4wRXS1Min_Jh7ppvRs4k0UryriIpUq

â–ºTemario de ESO y 1Âº Bachillerato: https://www.youtube.com/playlist?list=PL4-4wRXS1Mil4byLKh2WN6xnx8v8jZ_Ur

â˜…Â¿TIENES DUDAS?â˜…
DÃ©jame el ejercicio en los comentarios y harÃ© un vÃ­deo para resolverlo.",ESO/1 Bachillerato,Grade 7th-11th,Disoluciones,Solution,DiluciÃ³n,Dilution,no
pwzlNnj_OD0,11/2/2021,https://youtu.be/pwzlNnj_OD0,CÃ¡lculos con MEZCLAS de DISOLUCIONES - *con ejercicio resuelto* - DISOLUCIONES - [ESO/Bachillerato],"Â¿QuÃ© ocurre cuando mezclas dos DISOLUCIONES diferentes?

Supera tus ExÃ¡menes de QuÃ­mica con NOTA ğŸ‘‡

â–ºTemario de DISOLUCIONES: https://www.youtube.com/playlist?list=PL4-4wRXS1Min_Jh7ppvRs4k0UryriIpUq

â–ºTemario de ESO y 1Âº Bachillerato: https://www.youtube.com/playlist?list=PL4-4wRXS1Mil4byLKh2WN6xnx8v8jZ_Ur

â˜…Â¿TIENES DUDAS?â˜…
DÃ©jame el ejercicio en los comentarios y harÃ© un vÃ­deo para resolverlo.",ESO/1 Bachillerato,Grade 7th-11th,Disoluciones,Solution,Mezclas de disoluciones ,Solutions mixtures,no
rdtXxrU1410,11/9/2021,https://youtu.be/rdtXxrU1410,Sales combinadas en DISOLUCIONES âš—ï¸ - *resuelto* - DISOLUCIONES - [ESO/Bachillerato],"Â¡Sistemas de ECUACIONES en DISOLUCIONES tambiÃ©n!

Supera tus ExÃ¡menes de QuÃ­mica con NOTA ğŸ‘‡

â–ºTemario de DISOLUCIONES: https://www.youtube.com/playlist?list=PL4-4wRXS1Min_Jh7ppvRs4k0UryriIpUq

â–ºTemario de ESO y 1Âº Bachillerato: https://www.youtube.com/playlist?list=PL4-4wRXS1Mil4byLKh2WN6xnx8v8jZ_Ur

â˜…Â¿TIENES DUDAS?â˜…
DÃ©jame el ejercicio en los comentarios y harÃ© un vÃ­deo para resolverlo.",ESO/1 Bachillerato,Grade 7th-11th,Disoluciones,Solution,Sales combinadas en disoluciones,Solutions fo combinated salts,no
--HLtgURT6Y,11/16/2021,https://youtu.be/--HLtgURT6Y,Aumento EBULLOSCÃ“PICO ğŸŒ¡ - *desde cero* - PROPIEDADES COLIGATIVAS - [ESO/Bachillerato],"CÃ³mo aumentar la TEMPERATURA de EBULLICIÃ“N del agua.

Supera tus ExÃ¡menes de QuÃ­mica con NOTA ğŸ‘‡

â–ºTemario de PROPIEDADES COLIGATIVAS: https://www.youtube.com/playlist?list=PL4-4wRXS1MilScPEBUUJzmNaE7xmbG8Yf

â–ºTemario de ESO y 1Âº Bachillerato: https://www.youtube.com/playlist?list=PL4-4wRXS1Mil4byLKh2WN6xnx8v8jZ_Ur

â˜…Â¿TIENES DUDAS?â˜…
DÃ©jame el ejercicio en los comentarios y harÃ© un vÃ­deo para resolverlo.",ESO/1 Bachillerato,Grade 7th-11th,Propiedades coligativas,Colligative properties,Aumento ebulloscÃ³pico,Ebulloscopic ascent,yes
CJKOdzm2-5k,11/23/2021,https://youtu.be/CJKOdzm2-5k,Descenso CRIOSCÃ“PICO ğŸ§Š - *con ejemplos* - PROPIEDADES COLIGATIVAS - [ESO/Bachillerato],"Â¿Â¡Agua por debajo de los 0ÂºC!? Â¿Â¡CÃ³mo!? Â¡AprÃ©ndelo aquÃ­!

Supera tus ExÃ¡menes de QuÃ­mica con NOTA ğŸ‘‡

â–ºTemario de PROPIEDADES COLIGATIVAS: https://www.youtube.com/playlist?list=PL4-4wRXS1MilScPEBUUJzmNaE7xmbG8Yf

â–ºTemario de ESO y 1Âº Bachillerato: https://www.youtube.com/playlist?list=PL4-4wRXS1Mil4byLKh2WN6xnx8v8jZ_Ur

â˜…Â¿TIENES DUDAS?â˜…
DÃ©jame el ejercicio en los comentarios y harÃ© un vÃ­deo para resolverlo.",ESO/1 Bachillerato,Grade 7th-11th,Propiedades coligativas,Colligative properties,Descenso crioscÃ³pico ,Cryoscopic descent,yes
jpr5MnVQbhs,11/30/2021,https://youtu.be/jpr5MnVQbhs,PresiÃ³n de vapor - *con ejercicio resuelto* - PROPIEDADES COLIGATIVAS - [ESO/Bachillerato],"Descubre cÃ³mo y por quÃ© se evaporan los lÃ­quidos aquÃ­.

Supera tus ExÃ¡menes de QuÃ­mica con NOTA ğŸ‘‡

â–ºTemario de PROPIEDADES COLIGATIVAS: https://www.youtube.com/playlist?list=PL4-4wRXS1MilScPEBUUJzmNaE7xmbG8Yf

â–ºTemario de ESO y 1Âº Bachillerato: https://www.youtube.com/playlist?list=PL4-4wRXS1Mil4byLKh2WN6xnx8v8jZ_Ur

â˜…Â¿TIENES DUDAS?â˜…
DÃ©jame el ejercicio en los comentarios y harÃ© un vÃ­deo para resolverlo.",ESO/1 Bachillerato,Grade 7th-11th,Propiedades coligativas,Colligative properties,PresiÃ³n de vapor ,Steam pressure,no
n3jAzKX6IO8,12/7/2021,https://youtu.be/n3jAzKX6IO8,Â¡Ya somos 500 suscriptores! ğŸ¥³,"He realizado este vÃ­deo para daros las gracias a todos y celebrar todos juntos que hemos alcanzado los Â¡500 suscriptores!

Muchas gracias a todos.",No disponible,No available,No disponible,No available,500 suscriptores,500 subscribers,yes
aA2RZWwq8aE,12/21/2021,https://youtu.be/aA2RZWwq8aE,QuÃ© es la OSMOSIS - *paso a paso* - PROPIEDADES COLIGATIVAS - [ESO/Bachillerato],"Â¿CÃ³mo afecta una membrana semipermeable a dos DISOLUCIONES separadas?

Supera tus ExÃ¡menes de QuÃ­mica con NOTA ğŸ‘‡

â–ºTemario de PROPIEDADES COLIGATIVAS: https://www.youtube.com/playlist?list=PL4-4wRXS1MilScPEBUUJzmNaE7xmbG8Yf

â–ºTemario de ESO y 1Âº Bachillerato: https://www.youtube.com/playlist?list=PL4-4wRXS1Mil4byLKh2WN6xnx8v8jZ_Ur

â˜…Â¿TIENES DUDAS?â˜…
DÃ©jame el ejercicio en los comentarios y harÃ© un vÃ­deo para resolverlo.",ESO/1 Bachillerato,Grade 7th-11th,Propiedades coligativas,Colligative properties,Osmosis,Osmosis,no
2Vi8-QbLqWY,1/4/2022,https://youtu.be/2Vi8-QbLqWY,NÃºmero ATÃ“MICO y MÃSICO âš›ï¸ - *desde cero* - ESTRUCTURA del ÃTOMO - [ESO/Bachillerato],"Â¿De quÃ© estÃ¡ formado un ÃTOMO? Â¿QuÃ© es el NUMERO ATÃ“MICO?

Supera tus ExÃ¡menes de QuÃ­mica con NOTA ğŸ‘‡

â–ºTemario de ESTRUCTURA DEL ÃTOMO: https://www.youtube.com/playlist?list=PL4-4wRXS1MimjvGGIcIdLdqQsPrP1PuAm

â–ºTemario de ESO y 1Âº Bachillerato: https://www.youtube.com/playlist?list=PL4-4wRXS1Mil4byLKh2WN6xnx8v8jZ_Ur

â˜…Â¿TIENES DUDAS?â˜…
DÃ©jame el ejercicio en los comentarios y harÃ© un vÃ­deo para resolverlo.",ESO/1 Bachillerato,Grade 7th-11th,Estructura del Ã¡tomo,Atom structure,NÃºmero atÃ³mico y mÃ¡sico,Atomic number and mass number,yes
1tOvl-vlOVA,1/18/2022,https://youtu.be/1tOvl-vlOVA,QuÃ© son los ISÃ“TOPOS - *con ejemplos* - ESTRUCTURA del ÃTOMO - [ESO/Bachillerato],"Descubre quÃ© son los isÃ³topos en este vÃ­deo.

Supera tus ExÃ¡menes de QuÃ­mica con NOTA ğŸ‘‡

â–ºTemario de ESTRUCTURA DEL ÃTOMO: https://www.youtube.com/playlist?list=PL4-4wRXS1MimjvGGIcIdLdqQsPrP1PuAm

â–ºTemario de ESO y 1Âº Bachillerato: https://www.youtube.com/playlist?list=PL4-4wRXS1Mil4byLKh2WN6xnx8v8jZ_Ur

â˜…Â¿TIENES DUDAS?â˜…
DÃ©jame el ejercicio en los comentarios y harÃ© un vÃ­deo para resolverlo.",ESO/1 Bachillerato,Grade 7th-11th,Estructura del Ã¡tomo,Atom structure,IsÃ³topos ,Isotopes,no
etNYC5RndbQ,2/1/2022,https://youtu.be/etNYC5RndbQ,NÃšMEROS CUÃNTICOS - *paso a paso* - ESTRUCTURA del ÃTOMO - [ESO/Bachillerato],"Los nÃºmeros CUÃNTICOS condicionan los orbitales atÃ³micos.

Supera tus ExÃ¡menes de QuÃ­mica con NOTA ğŸ‘‡

â–ºTemario de ESTRUCTURA DEL ÃTOMO: https://www.youtube.com/playlist?list=PL4-4wRXS1MimjvGGIcIdLdqQsPrP1PuAm

â–ºTemario de ESO y 1Âº Bachillerato: https://www.youtube.com/playlist?list=PL4-4wRXS1Mil4byLKh2WN6xnx8v8jZ_Ur

â˜…Â¿TIENES DUDAS?â˜…
DÃ©jame el ejercicio en los comentarios y harÃ© un vÃ­deo para resolverlo.",ESO/1 Bachillerato,Grade 7th-11th,Estructura del Ã¡tomo,Atom structure,NÃºmeros cuÃ¡nticos ,Quantum numbers,no
yQUNfBPn8bY,2/16/2022,https://youtu.be/yQUNfBPn8bY,CONFIGURACIÃ“N ELECTRÃ“NICA - *con ejercicios resueltos* - ESTRUCTURA del ÃTOMO - [ESO/Bachillerato],"Aprende a distribuir los ELECTRONES de un Ã¡tomo entre sus ORBITALES atÃ³micos.

Supera tus ExÃ¡menes de QuÃ­mica con NOTA ğŸ‘‡

â–ºTemario de ESTRUCTURA DEL ÃTOMO: https://www.youtube.com/playlist?list=PL4-4wRXS1MimjvGGIcIdLdqQsPrP1PuAm

â–ºTemario de ESO y 1Âº Bachillerato: https://www.youtube.com/playlist?list=PL4-4wRXS1Mil4byLKh2WN6xnx8v8jZ_Ur

â˜…Â¿TIENES DUDAS?â˜…
DÃ©jame el ejercicio en los comentarios y harÃ© un vÃ­deo para resolverlo.",ESO/1 Bachillerato,Grade 7th-11th,Estructura del Ã¡tomo,Atom structure,ConfiguraciÃ³n electrÃ³nica ,Electron configuration,no
-ZlYrCqNuVU,3/1/2022,https://youtu.be/-ZlYrCqNuVU,PosiciÃ³n en la TABLA PERIÃ“DICA âš›ï¸ - *con ejemplos* - ESTRUCTURA del ÃTOMO - [ESO/Bachillerato],"Aprende la posiciÃ³n en la tabla periÃ³dica a partir de la configuraciÃ³n electrÃ³nica.

Supera tus ExÃ¡menes de QuÃ­mica con NOTA ğŸ‘‡

â–ºTemario de ESTRUCTURA DEL ÃTOMO: https://www.youtube.com/playlist?list=PL4-4wRXS1MimjvGGIcIdLdqQsPrP1PuAm

â–ºTemario de ESO y 1Âº Bachillerato: https://www.youtube.com/playlist?list=PL4-4wRXS1Mil4byLKh2WN6xnx8v8jZ_Ur

â˜…Â¿TIENES DUDAS?â˜…
DÃ©jame el ejercicio en los comentarios y harÃ© un vÃ­deo para resolverlo.",ESO/1 Bachillerato,Grade 7th-11th,Estructura del Ã¡tomo,Atom structure,PosiciÃ³n en la tabla periÃ³dica,Position in periodic table,yes
d1mUA8iH_x4,3/15/2022,https://youtu.be/d1mUA8iH_x4,ENLACES INTRAMOLECULARES - *desde cero* - Agregados moleculares - [ESO/Bachillerato],"AsÃ­ es cÃ³mo se enlazan los Ã¡tomos entre sÃ­.

Supera tus ExÃ¡menes de QuÃ­mica con NOTA ğŸ‘‡

â–ºTemario de AGREGADOS MOLECULARES: https://www.youtube.com/playlist?list=PL4-4wRXS1MiksTL1US8NPJkf5qUWqBqi_

â–ºTemario de ESO y 1Âº Bachillerato: https://www.youtube.com/playlist?list=PL4-4wRXS1Mil4byLKh2WN6xnx8v8jZ_Ur

â˜…Â¿TIENES DUDAS?â˜…
DÃ©jame el ejercicio en los comentarios y harÃ© un vÃ­deo para resolverlo.",ESO/1 Bachillerato,Grade 7th-11th,Agregados moleculares,Molecular aggregates,Enlaces intramoleculares ,Intramolecular bond,no
2jvHTDU2-MA,3/29/2022,https://youtu.be/2jvHTDU2-MA,QuÃ© son las FUERZAS INTERMOLECULARES? - *con ejemplos* - Agregados moleculares - [ESO/Bachillerato],"Â¿QuÃ© es lo que une las molÃ©culas entre sÃ­? DescÃºbrelo aquÃ­

Supera tus ExÃ¡menes de QuÃ­mica con NOTA ğŸ‘‡

â–ºTemario de AGREGADOS MOLECULARES: https://www.youtube.com/playlist?list=PL4-4wRXS1MiksTL1US8NPJkf5qUWqBqi_

â–ºTemario de ESO y 1Âº Bachillerato: https://www.youtube.com/playlist?list=PL4-4wRXS1Mil4byLKh2WN6xnx8v8jZ_Ur

â˜…Â¿TIENES DUDAS?â˜…
DÃ©jame el ejercicio en los comentarios y harÃ© un vÃ­deo para resolverlo.",ESO/1 Bachillerato,Grade 7th-11th,Agregados moleculares,Molecular aggregates,Fuerzas intermoleculares,Intermolecular forces,no
--R19y9CUYI,4/19/2022,https://youtu.be/--R19y9CUYI,CÃ³mo crear ESTRUCTURAS de LEWIS âš›ï¸ - *desde cero* - Agregados moleculares - [ESO/Bachillerato],"Averigua cÃ³mo crear las estructuras de Lewis y para quÃ© sirven.

Supera tus ExÃ¡menes de QuÃ­mica con NOTA ğŸ‘‡

â–ºTemario de AGREGADOS MOLECULARES: https://www.youtube.com/playlist?list=PL4-4wRXS1MiksTL1US8NPJkf5qUWqBqi_

â–ºTemario de ESO y 1Âº Bachillerato: https://www.youtube.com/playlist?list=PL4-4wRXS1Mil4byLKh2WN6xnx8v8jZ_Ur

â˜…Â¿TIENES DUDAS?â˜…
DÃ©jame el ejercicio en los comentarios y harÃ© un vÃ­deo para resolverlo.",ESO/1 Bachillerato,Grade 7th-11th,Agregados moleculares,Molecular aggregates,Estructuras de Lewis,Lewis structures,no
2PHrk5Z7Ejw,5/3/2022,https://youtu.be/2PHrk5Z7Ejw,La REGLA DEL OCTETO ğŸ•·ï¸ - *Â¿quÃ© es?* - Agregados moleculares - [ESO/Bachillerato],"Â¿QuÃ© tiene que ver los electrones de una molÃ©cula con las patas de una araÃ±a?

Supera tus ExÃ¡menes de QuÃ­mica con NOTA ğŸ‘‡

â–ºTemario de AGREGADOS MOLECULARES: https://www.youtube.com/playlist?list=PL4-4wRXS1MiksTL1US8NPJkf5qUWqBqi_

â–ºTemario de ESO y 1Âº Bachillerato: https://www.youtube.com/playlist?list=PL4-4wRXS1Mil4byLKh2WN6xnx8v8jZ_Ur

â˜…Â¿TIENES DUDAS?â˜…
DÃ©jame el ejercicio en los comentarios y harÃ© un vÃ­deo para resolverlo.",ESO/1 Bachillerato,Grade 7th-11th,Agregados moleculares,Molecular aggregates,Regla del octeto,Octet rule,yes
OWdoI99lWf0,5/19/2022,https://youtu.be/OWdoI99lWf0,Â¿CÃ³mo es la estructura de LEWIS de un OXOÃCIDO? - Agregados moleculares - [ESO/Bachillerato],"Todas las estructuras de LEWIS de OXOÃCIDOS siguen el mismo patrÃ³n. Â¡AverÃ­gualo!

Supera tus ExÃ¡menes de QuÃ­mica con NOTA ğŸ‘‡

â–ºTemario de AGREGADOS MOLECULARES: https://www.youtube.com/playlist?list=PL4-4wRXS1MiksTL1US8NPJkf5qUWqBqi_

â–ºTemario de ESO y 1Âº Bachillerato: https://www.youtube.com/playlist?list=PL4-4wRXS1Mil4byLKh2WN6xnx8v8jZ_Ur

â˜…Â¿TIENES DUDAS?â˜…
DÃ©jame el ejercicio en los comentarios y harÃ© un vÃ­deo para resolverlo.",ESO/1 Bachillerato,Grade 7th-11th,Agregados moleculares,Molecular aggregates,Estructura de Lewis,Lewis structures,no
PboUgvlmUzA,6/7/2022,https://youtu.be/PboUgvlmUzA,Â¿QuÃ© son las CARGAS FORMALES y cÃ³mo detectarlas? - Agregados moleculares - [ESO/Bachillerato],"Â¿Puede una molÃ©cula neutra tener cargas elÃ©ctricas? AverÃ­gualo

Supera tus ExÃ¡menes de QuÃ­mica con NOTA ğŸ‘‡

â–ºTemario de AGREGADOS MOLECULARES: https://www.youtube.com/playlist?list=PL4-4wRXS1MiksTL1US8NPJkf5qUWqBqi_

â–ºTemario de ESO y 1Âº Bachillerato: https://www.youtube.com/playlist?list=PL4-4wRXS1Mil4byLKh2WN6xnx8v8jZ_Ur

â˜…Â¿TIENES DUDAS?â˜…
DÃ©jame el ejercicio en los comentarios y harÃ© un vÃ­deo para resolverlo.",ESO/1 Bachillerato,Grade 7th-11th,Agregados moleculares,Molecular aggregates,Cargas formales,Formal charges,no
DQvmA2RAcmc,6/28/2022,https://youtu.be/DQvmA2RAcmc,Â¿CÃ³mo pueden las molÃ©culas pueden tener RESONANCIA?.  - Agregados moleculares - [ESO/Bachillerato],"Algunas molÃ©culas pueden tener ELECTRONES en movimiento, los cuales generan la RESONANCIA.

Supera tus ExÃ¡menes de QuÃ­mica con NOTA ğŸ‘‡

â–ºTemario de AGREGADOS MOLECULARES: https://www.youtube.com/playlist?list=PL4-4wRXS1MiksTL1US8NPJkf5qUWqBqi_

â–ºTemario de ESO y 1Âº Bachillerato: https://www.youtube.com/playlist?list=PL4-4wRXS1Mil4byLKh2WN6xnx8v8jZ_Ur

â˜…Â¿TIENES DUDAS?â˜…
DÃ©jame el ejercicio en los comentarios y harÃ© un vÃ­deo para resolverlo.",ESO/1 Bachillerato,Grade 7th-11th,Agregados moleculares,Molecular aggregates,MolÃ©culas y resonancia,Molecules and resonance,no